"","Campaign Name","Ad Set Name","Ad Name","","","","",""
"2026-06-03","LM | E1-DIST |  | ENGJ | ABO | 2026-06-02 | Visitas no Perfil","1 - IG | M | 35+ | Sudeste | Publico High Ticket","AD 02 | Ambição sem estrutura cansa.","314","10","10,3","313","32,8"
"2026-06-03","LM | E1-DIST |  | ENGJ | ABO | 2026-06-02 | Visitas no Perfil","2 - IG | M | 35+ | Sudeste | Publico High Ticket","AD 02 | Ambição sem estrutura cansa.","55","4","1,59","54","28,91"
"2026-06-03","LM | E1-DIST |  | ENGJ | ABO | 2026-06-02 | Visitas no Perfil","2 - IG | M | 35+ | Sudeste | Publico High Ticket","AD 01 | Cansaço, dúvida, emoção…","284","16","8,86","276","31,2"
"2026-06-03","LM | E1-DIST |  | ENGJ | ABO | 2026-06-02 | Visitas no Perfil","3 - IG | M | 35+ | Sudeste | Publico High Ticket","AD 03 | Firme nas decisões, doce na essência","288","15","9,78","288","33,96"
"2026-06-03","LM | E1-DIST |  | ENGJ | ABO | 2026-06-02 | Visitas no Perfil","3 - IG | M | 35+ | Sudeste | Publico High Ticket","AD 04 | É silencioso. Não tem ameaça. Não tem vilão.","66","6","2,18","66","33,03"
"2026-06-04","LM | E1-DIST |  | ENGJ | ABO | 2026-06-02 | Visitas no Perfil","1 - IG | M | 35+ | Sudeste | Publico High Ticket","AD 02 | Ambição sem estrutura cansa.","521","32","20,85","502","40,02"
"2026-06-04","LM | E1-DIST |  | ENGJ | ABO | 2026-06-02 | Visitas no Perfil","2 - IG | M | 35+ | Sudeste | Publico High Ticket","AD 02 | Ambição sem estrutura cansa.","14","1","0,34","14","24,29"
"2026-06-04","LM | E1-DIST |  | ENGJ | ABO | 2026-06-02 | Visitas no Perfil","2 - IG | M | 35+ | Sudeste | Publico High Ticket","AD 01 | Cansaço, dúvida, emoção…","696","46","20,25","662","29,09"
"2026-06-04","LM | E1-DIST |  | ENGJ | ABO | 2026-06-02 | Visitas no Perfil","3 - IG | M | 35+ | Sudeste | Publico High Ticket","AD 03 | Firme nas decisões, doce na essência","759","46","23,8","746","31,36"
"2026-06-04","LM | E1-DIST |  | ENGJ | ABO | 2026-06-02 | Visitas no Perfil","3 - IG | M | 35+ | Sudeste | Publico High Ticket","AD 04 | É silencioso. Não tem ameaça. Não tem vilão.","31","1","0,95","31","30,65"
"2026-06-05","LM | E1-DIST |  | ENGJ | ABO | 2026-06-02 | Visitas no Perfil","1 - IG | M | 35+ | Sudeste | Publico High Ticket","AD 02 | Ambição sem estrutura cansa.","586","29","18,08","563","30,85"
"2026-06-05","LM | E1-DIST |  | ENGJ | ABO | 2026-06-02 | Visitas no Perfil","2 - IG | M | 35+ | Sudeste | Publico High Ticket","AD 02 | Ambição sem estrutura cansa.","342","27","11,17","335","32,66"
"2026-06-05","LM | E1-DIST |  | ENGJ | ABO | 2026-06-02 | Visitas no Perfil","2 - IG | M | 35+ | Sudeste | Publico High Ticket","AD 01 | Cansaço, dúvida, emoção…","222","19","6,52","218","29,37"
"2026-06-05","LM | E1-DIST |  | ENGJ | ABO | 2026-06-02 | Visitas no Perfil","3 - IG | M | 35+ | Sudeste | Publico High Ticket","AD 03 | Firme nas decisões, doce na essência","791","30","22,21","740","28,08"
"2026-06-06","LM | E1-DIST |  | ENGJ | ABO | 2026-06-02 | Visitas no Perfil","1 - IG | M | 35+ | Sudeste | Publico High Ticket","AD 02 | Ambição sem estrutura cansa.","512","28","17,95","488","35,06"
"2026-06-06","LM | E1-DIST |  | ENGJ | ABO | 2026-06-02 | Visitas no Perfil","2 - IG | M | 35+ | Sudeste | Publico High Ticket","AD 02 | Ambição sem estrutura cansa.","606","44","18,61","600","30,71"
"2026-06-06","LM | E1-DIST |  | ENGJ | ABO | 2026-06-02 | Visitas no Perfil","3 - IG | M | 35+ | Sudeste | Publico High Ticket","AD 03 | Firme nas decisões, doce na essência","667","41","20,96","653","31,42"
"2026-06-06","LM | E1-DIST |  | ENGJ | ABO | 2026-06-02 | Visitas no Perfil","3 - IG | M | 35+ | Sudeste | Publico High Ticket","AD 04 | É silencioso. Não tem ameaça. Não tem vilão.","11","2","0,83","10","75,45"
"2026-06-07","LM | E1-DIST |  | ENGJ | ABO | 2026-06-02 | Visitas no Perfil","1 - IG | M | 35+ | Sudeste | Publico High Ticket","AD 02 | Ambição sem estrutura cansa.","505","26","18,29","485","36,22"
"2026-06-07","LM | E1-DIST |  | ENGJ | ABO | 2026-06-02 | Visitas no Perfil","2 - IG | M | 35+ | Sudeste | Publico High Ticket","AD 02 | Ambição sem estrutura cansa.","494","37","19","492","38,46"
"2026-06-07","LM | E1-DIST |  | ENGJ | ABO | 2026-06-02 | Visitas no Perfil","3 - IG | M | 35+ | Sudeste | Publico High Ticket","AD 03 | Firme nas decisões, doce na essência","765","37","22,75","765","29,74"
"2026-06-07","LM | E1-DIST |  | ENGJ | ABO | 2026-06-02 | Visitas no Perfil","3 - IG | M | 35+ | Sudeste | Publico High Ticket","AD 04 | É silencioso. Não tem ameaça. Não tem vilão.","1","","0,02","1","20"
"2026-06-08","LM | E1-DIST |  | ENGJ | ABO | 2026-06-02 | Visitas no Perfil","1 - IG | M | 35+ | Sudeste | Publico High Ticket","AD 02 | Ambição sem estrutura cansa.","389","21","15,09","387","38,79"
"2026-06-08","LM | E1-DIST |  | ENGJ | ABO | 2026-06-02 | Visitas no Perfil","2 - IG | M | 35+ | Sudeste | Publico High Ticket","AD 02 | Ambição sem estrutura cansa.","474","36","17,78","471","37,51"
"2026-06-08","LM | E1-DIST |  | ENGJ | ABO | 2026-06-02 | Visitas no Perfil","3 - IG | M | 35+ | Sudeste | Publico High Ticket","AD 03 | Firme nas decisões, doce na essência","561","29","16,87","560","30,07"
"2026-06-08","LM | E1-DIST |  | ENGJ | ABO | 2026-06-02 | Visitas no Perfil","3 - IG | M | 35+ | Sudeste | Publico High Ticket","AD 04 | É silencioso. Não tem ameaça. Não tem vilão.","4","","0,21","4","52,5"
"2026-06-09","LM | E1-DIST |  | ENGJ | ABO | 2026-06-02 | Visitas no Perfil","1 - IG | M | 35+ | Sudeste | Publico High Ticket","AD 02 | Ambição sem estrutura cansa.","384","20","14,88","373","38,75"
"2026-06-09","LM | E1-DIST |  | ENGJ | ABO | 2026-06-02 | Visitas no Perfil","2 - IG | M | 35+ | Sudeste | Publico High Ticket","AD 02 | Ambição sem estrutura cansa.","430","25","14,21","418","33,05"
"2026-06-09","LM | E1-DIST |  | ENGJ | ABO | 2026-06-02 | Visitas no Perfil","3 - IG | M | 35+ | Sudeste | Publico High Ticket","AD 03 | Firme nas decisões, doce na essência","575","32","18,13","573","31,53"
"2026-06-09","LM | E1-DIST |  | ENGJ | ABO | 2026-06-02 | Visitas no Perfil","3 - IG | M | 35+ | Sudeste | Publico High Ticket","AD 04 | É silencioso. Não tem ameaça. Não tem vilão.","3","","0,12","3","40"
"2026-06-10","LM | E1-DIST |  | ENGJ | ABO | 2026-06-02 | Visitas no Perfil","1 - IG | M | 35+ | Sudeste | Publico High Ticket","AD 02 | Ambição sem estrutura cansa.","567","35","17,55","550","30,95"
"2026-06-10","LM | E1-DIST |  | ENGJ | ABO | 2026-06-02 | Visitas no Perfil","2 - IG | M | 35+ | Sudeste | Publico High Ticket","AD 02 | Ambição sem estrutura cansa.","193","15","7,45","185","38,6"
"2026-06-10","LM | E1-DIST |  | ENGJ | ABO | 2026-06-02 | Visitas no Perfil","3 - IG | M | 35+ | Sudeste | Publico High Ticket","AD 03 | Firme nas decisões, doce na essência","546","30","18,3","537","33,52"
"2026-06-11","LM | E1-DIST |  | ENGJ | ABO | 2026-06-02 | Visitas no Perfil","1 - IG | M | 35+ | Sudeste | Publico High Ticket","AD 02 | Ambição sem estrutura cansa.","355","33","21,3","346","60"
"2026-06-11","LM | E1-DIST |  | ENGJ | ABO | 2026-06-02 | Visitas no Perfil","3 - IG | M | 35+ | Sudeste | Publico High Ticket","AD 03 | Firme nas decisões, doce na essência","453","18","15,88","441","35,06"
"2026-06-11","LM | E1-DIST |  | ENGJ | ABO | 2026-06-02 | Visitas no Perfil","3 - IG | M | 35+ | Sudeste | Publico High Ticket","AD 04 | É silencioso. Não tem ameaça. Não tem vilão.","4","","0,12","4","30"
"2026-06-12","LM | E1-DIST |  | ENGJ | ABO | 2026-06-02 | Visitas no Perfil","1 - IG | M | 35+ | Sudeste | Publico High Ticket","AD 02 | Ambição sem estrutura cansa.","537","31","20,51","537","38,19"
"2026-06-12","LM | E1-DIST |  | ENGJ | ABO | 2026-06-02 | Visitas no Perfil","3 - IG | M | 35+ | Sudeste | Publico High Ticket","AD 03 | Firme nas decisões, doce na essência","516","32","19,27","497","37,34"
"2026-06-12","LM | E1-DIST |  | ENGJ | ABO | 2026-06-02 | Visitas no Perfil","3 - IG | M | 35+ | Sudeste | Publico High Ticket","AD 04 | É silencioso. Não tem ameaça. Não tem vilão.","5","","0,21","5","42"
"2026-06-13","LM | E1-DIST |  | ENGJ | ABO | 2026-06-02 | Visitas no Perfil","1 - IG | M | 35+ | Sudeste | Publico High Ticket","AD 02 | Ambição sem estrutura cansa.","229","12","8,23","225","35,94"
"2026-06-13","LM | E1-DIST |  | ENGJ | ABO | 2026-06-02 | Visitas no Perfil","3 - IG | M | 35+ | Sudeste | Publico High Ticket","AD 03 | Firme nas decisões, doce na essência","383","36","14,03","367","36,63"
"2026-06-13","LM | E1-DIST |  | ENGJ | ABO | 2026-06-02 | Visitas no Perfil","3 - IG | M | 35+ | Sudeste | Publico High Ticket","AD 04 | É silencioso. Não tem ameaça. Não tem vilão.","3","","0,07","3","23,33"
"2026-06-14","LM | E1-DIST |  | ENGJ | ABO | 2026-06-02 | Visitas no Perfil","1 - IG | M | 35+ | Sudeste | Publico High Ticket","AD 02 | Ambição sem estrutura cansa.","649","43","24,19","634","37,27"
"2026-06-14","LM | E1-DIST |  | ENGJ | ABO | 2026-06-02 | Visitas no Perfil","3 - IG | M | 35+ | Sudeste | Publico High Ticket","AD 03 | Firme nas decisões, doce na essência","699","46","22,77","699","32,58"
"2026-06-15","LM | E1-DIST |  | ENGJ | ABO | 2026-06-02 | Visitas no Perfil","1 - IG | M | 35+ | Sudeste | Publico High Ticket","AD 02 | Ambição sem estrutura cansa.","444","29","17,77","426","40,02"
"2026-06-15","LM | E1-DIST |  | ENGJ | ABO | 2026-06-02 | Visitas no Perfil","3 - IG | M | 35+ | Sudeste | Publico High Ticket","AD 03 | Firme nas decisões, doce na essência","518","35","17,99","498","34,73"
"2026-06-16","LM | E1-DIST |  | ENGJ | ABO | 2026-06-02 | Visitas no Perfil","1 - IG | M | 35+ | Sudeste | Publico High Ticket","AD 02 | Ambição sem estrutura cansa.","428","34","18,27","407","42,69"
"2026-06-16","LM | E1-DIST |  | ENGJ | ABO | 2026-06-02 | Visitas no Perfil","3 - IG | M | 35+ | Sudeste | Publico High Ticket","AD 03 | Firme nas decisões, doce na essência","521","39","19,09","490","36,64"
"2026-06-16","LM | E1-DIST |  | ENGJ | ABO | 2026-06-02 | Visitas no Perfil","3 - IG | M | 35+ | Sudeste | Publico High Ticket","AD 04 | É silencioso. Não tem ameaça. Não tem vilão.","6","1","0,24","6","40"
"2026-06-17","LM | E1-DIST |  | ENGJ | ABO | 2026-06-02 | Visitas no Perfil","1 - IG | M | 35+ | Sudeste | Publico High Ticket","AD 02 | Ambição sem estrutura cansa.","570","35","18,95","560","33,25"
"2026-06-17","LM | E1-DIST |  | ENGJ | ABO | 2026-06-02 | Visitas no Perfil","3 - IG | M | 35+ | Sudeste | Publico High Ticket","AD 03 | Firme nas decisões, doce na essência","573","37","18,15","559","31,68"
"2026-06-17","LM | E1-DIST |  | ENGJ | ABO | 2026-06-02 | Visitas no Perfil","3 - IG | M | 35+ | Sudeste | Publico High Ticket","AD 04 | É silencioso. Não tem ameaça. Não tem vilão.","2","","0,06","2","30"
"2026-06-18","LM | E1-DIST |  | ENGJ | ABO | 2026-06-02 | Visitas no Perfil","1 - IG | M | 35+ | Sudeste | Publico High Ticket","AD 02 | Ambição sem estrutura cansa.","515","32","18,36","511","35,65"
"2026-06-18","LM | E1-DIST |  | ENGJ | ABO | 2026-06-02 | Visitas no Perfil","3 - IG | M | 35+ | Sudeste | Publico High Ticket","AD 03 | Firme nas decisões, doce na essência","495","35","15,78","480","31,88"
"2026-06-19","LM | E1-DIST |  | ENGJ | ABO | 2026-06-02 | Visitas no Perfil","1 - IG | M | 35+ | Sudeste | Publico High Ticket","AD 02 | Ambição sem estrutura cansa.","423","21","15,6","406","36,88"
"2026-06-19","LM | E1-DIST |  | ENGJ | ABO | 2026-06-02 | Visitas no Perfil","3 - IG | M | 35+ | Sudeste | Publico High Ticket","AD 03 | Firme nas decisões, doce na essência","477","27","16,12","465","33,79"
"2026-06-19","LM | E1-DIST |  | ENGJ | ABO | 2026-06-02 | Visitas no Perfil","4 - IG | M | 35+ | Sudeste | Publico High Ticket — Iphone","AD 05 | Vc pode ter conquistas","520","24","10,95","506","21,06"
"2026-06-19","LM | E1-DIST |  | ENGJ | ABO | 2026-06-02 | Visitas no Perfil","4 - IG | M | 35+ | Sudeste | Publico High Ticket — Iphone","AD 06 | Ela tem sorte","82","3","0,97","77","11,83"
"2026-06-20","LM | E1-DIST |  | ENGJ | ABO | 2026-06-02 | Visitas no Perfil","1 - IG | M | 35+ | Sudeste | Publico High Ticket","AD 02 | Ambição sem estrutura cansa.","415","23","12,67","403","30,53"
"2026-06-20","LM | E1-DIST |  | ENGJ | ABO | 2026-06-02 | Visitas no Perfil","3 - IG | M | 35+ | Sudeste | Publico High Ticket","AD 03 | Firme nas decisões, doce na essência","516","33","15,64","506","30,31"
"2026-06-20","LM | E1-DIST |  | ENGJ | ABO | 2026-06-02 | Visitas no Perfil","4 - IG | M | 35+ | Sudeste | Publico High Ticket — Iphone","AD 05 | Vc pode ter conquistas","1297","44","13,6","1227","10,49"
"2026-06-20","LM | E1-DIST |  | ENGJ | ABO | 2026-06-02 | Visitas no Perfil","4 - IG | M | 35+ | Sudeste | Publico High Ticket — Iphone","AD 06 | Ela tem sorte","99","1","1,35","91","13,64"
"2026-06-21","LM | E1-DIST |  | ENGJ | ABO | 2026-06-02 | Visitas no Perfil","1 - IG | M | 35+ | Sudeste | Publico High Ticket","AD 02 | Ambição sem estrutura cansa.","621","33","22,39","600","36,05"
"2026-06-21","LM | E1-DIST |  | ENGJ | ABO | 2026-06-02 | Visitas no Perfil","3 - IG | M | 35+ | Sudeste | Publico High Ticket","AD 03 | Firme nas decisões, doce na essência","701","24","21,49","671","30,66"
"2026-06-21","LM | E1-DIST |  | ENGJ | ABO | 2026-06-02 | Visitas no Perfil","3 - IG | M | 35+ | Sudeste | Publico High Ticket","AD 04 | É silencioso. Não tem ameaça. Não tem vilão.","2","","0,03","2","15"
"2026-06-21","LM | E1-DIST |  | ENGJ | ABO | 2026-06-02 | Visitas no Perfil","4 - IG | M | 35+ | Sudeste | Publico High Ticket — Iphone","AD 05 | Vc pode ter conquistas","3699","89","21,42","3570","5,79"
"2026-06-21","LM | E1-DIST |  | ENGJ | ABO | 2026-06-02 | Visitas no Perfil","4 - IG | M | 35+ | Sudeste | Publico High Ticket — Iphone","AD 06 | Ela tem sorte","69","1","0,66","67","9,57"
"2026-06-22","LM | E1-DIST |  | ENGJ | ABO | 2026-06-02 | Visitas no Perfil","1 - IG | M | 35+ | Sudeste | Publico High Ticket","AD 02 | Ambição sem estrutura cansa.","553","46","22,16","552","40,07"
"2026-06-22","LM | E1-DIST |  | ENGJ | ABO | 2026-06-02 | Visitas no Perfil","3 - IG | M | 35+ | Sudeste | Publico High Ticket","AD 03 | Firme nas decisões, doce na essência","524","32","19,17","515","36,58"
"2026-06-22","LM | E1-DIST |  | ENGJ | ABO | 2026-06-02 | Visitas no Perfil","3 - IG | M | 35+ | Sudeste | Publico High Ticket","AD 04 | É silencioso. Não tem ameaça. Não tem vilão.","3","1","0,03","3","10"
"2026-06-22","LM | E1-DIST |  | ENGJ | ABO | 2026-06-02 | Visitas no Perfil","4 - IG | M | 35+ | Sudeste | Publico High Ticket — Iphone","AD 05 | Vc pode ter conquistas","2179","55","18,22","2065","8,36"
"2026-06-22","LM | E1-DIST |  | ENGJ | ABO | 2026-06-02 | Visitas no Perfil","4 - IG | M | 35+ | Sudeste | Publico High Ticket — Iphone","AD 06 | Ela tem sorte","9","","0,14","9","15,56"
"2026-06-23","LM | E1-DIST |  | ENGJ | ABO | 2026-06-02 | Visitas no Perfil","1 - IG | M | 35+ | Sudeste | Publico High Ticket","AD 02 | Ambição sem estrutura cansa.","473","38","18,03","449","38,12"
"2026-06-23","LM | E1-DIST |  | ENGJ | ABO | 2026-06-02 | Visitas no Perfil","3 - IG | M | 35+ | Sudeste | Publico High Ticket","AD 03 | Firme nas decisões, doce na essência","557","19","17,05","533","30,61"
"2026-06-23","LM | E1-DIST |  | ENGJ | ABO | 2026-06-02 | Visitas no Perfil","3 - IG | M | 35+ | Sudeste | Publico High Ticket","AD 04 | É silencioso. Não tem ameaça. Não tem vilão.","1","","0,05","1","50"
"2026-06-23","LM | E1-DIST |  | ENGJ | ABO | 2026-06-02 | Visitas no Perfil","4 - IG | M | 35+ | Sudeste | Publico High Ticket — Iphone","AD 05 | Vc pode ter conquistas","2407","51","17,6","2246","7,31"
"2026-06-23","LM | E1-DIST |  | ENGJ | ABO | 2026-06-02 | Visitas no Perfil","4 - IG | M | 35+ | Sudeste | Publico High Ticket — Iphone","AD 06 | Ela tem sorte","11","1","0,2","11","18,18"
"2026-06-24","LM | E1-DIST |  | ENGJ | ABO | 2026-06-02 | Visitas no Perfil","1 - IG | M | 35+ | Sudeste | Publico High Ticket","AD 02 | Ambição sem estrutura cansa.","432","20","17,7","420","40,97"
"2026-06-24","LM | E1-DIST |  | ENGJ | ABO | 2026-06-02 | Visitas no Perfil","3 - IG | M | 35+ | Sudeste | Publico High Ticket","AD 03 | Firme nas decisões, doce na essência","519","24","17,5","503","33,72"
"2026-06-24","LM | E1-DIST |  | ENGJ | ABO | 2026-06-02 | Visitas no Perfil","3 - IG | M | 35+ | Sudeste | Publico High Ticket","AD 04 | É silencioso. Não tem ameaça. Não tem vilão.","2","","0,03","2","15"
"2026-06-24","LM | E1-DIST |  | ENGJ | ABO | 2026-06-02 | Visitas no Perfil","4 - IG | M | 35+ | Sudeste | Publico High Ticket — Iphone","AD 05 | Vc pode ter conquistas","1056","19","5,32","1008","5,04"
"2026-06-24","LM | E1-DIST |  | ENGJ | ABO | 2026-06-02 | Visitas no Perfil","4 - IG | M | 35+ | Sudeste | Publico High Ticket — Iphone","AD 06 | Ela tem sorte","23","","0,16","22","6,96"
"2026-06-24","LM | E1-DIST |  | ENGJ | ABO | 2026-06-02 | Visitas no Perfil","5 - IG | M | 35+ | Sudeste | Publico High Ticket | Lista MC LLK","AD 05 | Vc pode ter conquistas","136","8","4,11","131","30,22"
"2026-06-24","LM | E1-DIST |  | ENGJ | ABO | 2026-06-02 | Visitas no Perfil","5 - IG | M | 35+ | Sudeste | Publico High Ticket | Lista MC LLK","AD 06 | Ela tem sorte","368","20","9,99","324","27,15"
"2026-06-25","LM | E1-DIST |  | ENGJ | ABO | 2026-06-02 | Visitas no Perfil","1 - IG | M | 35+ | Sudeste | Publico High Ticket","AD 02 | Ambição sem estrutura cansa.","395","25","16,54","392","41,87"
"2026-06-25","LM | E1-DIST |  | ENGJ | ABO | 2026-06-02 | Visitas no Perfil","3 - IG | M | 35+ | Sudeste | Publico High Ticket","AD 03 | Firme nas decisões, doce na essência","494","23","18,27","463","36,98"
"2026-06-25","LM | E1-DIST |  | ENGJ | ABO | 2026-06-02 | Visitas no Perfil","5 - IG | M | 35+ | Sudeste | Publico High Ticket | Lista MC LLK","AD 05 | Vc pode ter conquistas","55","1","2,79","51","50,73"
"2026-06-25","LM | E1-DIST |  | ENGJ | ABO | 2026-06-02 | Visitas no Perfil","5 - IG | M | 35+ | Sudeste | Publico High Ticket | Lista MC LLK","AD 06 | Ela tem sorte","687","27","15,76","623","22,94"
"2026-06-26","LM | E1-DIST |  | ENGJ | ABO | 2026-06-02 | Visitas no Perfil","1 - IG | M | 35+ | Sudeste | Publico High Ticket","AD 02 | Ambição sem estrutura cansa.","318","18","16,19","301","50,91"
"2026-06-26","LM | E1-DIST |  | ENGJ | ABO | 2026-06-02 | Visitas no Perfil","3 - IG | M | 35+ | Sudeste | Publico High Ticket","AD 03 | Firme nas decisões, doce na essência","463","25","17,16","451","37,06"
"2026-06-26","LM | E1-DIST |  | ENGJ | ABO | 2026-06-02 | Visitas no Perfil","3 - IG | M | 35+ | Sudeste | Publico High Ticket","AD 04 | É silencioso. Não tem ameaça. Não tem vilão.","11","1","0,5","11","45,45"
"2026-06-26","LM | E1-DIST |  | ENGJ | ABO | 2026-06-02 | Visitas no Perfil","5 - IG | M | 35+ | Sudeste | Publico High Ticket | Lista MC LLK","AD 05 | Vc pode ter conquistas","9","","0,26","9","28,89"
"2026-06-26","LM | E1-DIST |  | ENGJ | ABO | 2026-06-02 | Visitas no Perfil","5 - IG | M | 35+ | Sudeste | Publico High Ticket | Lista MC LLK","AD 06 | Ela tem sorte","519","19","15,5","473","29,87"
"2026-06-26","LM | E1-DIST |  | ENGJ | ABO | 2026-06-02 | Visitas no Perfil","6 - IG | M | 35+ | Sudeste | Publico High Ticket | Lista MC LLK","AD 06 | Ela tem sorte","588","21","12,56","539","21,36"
"2026-06-26","LM | E1-DIST |  | ENGJ | ABO | 2026-06-02 | Visitas no Perfil","6 - IG | M | 35+ | Sudeste | Publico High Ticket | Lista MC LLK","AD 05 | Vc pode ter conquistas","10","","0,18","10","18"
"2026-06-27","LM | E1-DIST |  | ENGJ | ABO | 2026-06-02 | Visitas no Perfil","1 - IG | M | 35+ | Sudeste | Publico High Ticket","AD 02 | Ambição sem estrutura cansa.","318","12","12,88","318","40,5"
"2026-06-27","LM | E1-DIST |  | ENGJ | ABO | 2026-06-02 | Visitas no Perfil","3 - IG | M | 35+ | Sudeste | Publico High Ticket","AD 03 | Firme nas decisões, doce na essência","517","20","14,67","502","28,38"
"2026-06-27","LM | E1-DIST |  | ENGJ | ABO | 2026-06-02 | Visitas no Perfil","5 - IG | M | 35+ | Sudeste | Publico High Ticket | Lista MC LLK","AD 06 | Ela tem sorte","755","26","15,39","675","20,38"
"2026-06-27","LM | E1-DIST |  | ENGJ | ABO | 2026-06-02 | Visitas no Perfil","6 - IG | M | 35+ | Sudeste | Publico High Ticket | Lista MC LLK","AD 06 | Ela tem sorte","484","16","10,9","450","22,52"
"2026-06-27","LM | E1-DIST |  | ENGJ | ABO | 2026-06-02 | Visitas no Perfil","6 - IG | M | 35+ | Sudeste | Publico High Ticket | Lista MC LLK","AD 05 | Vc pode ter conquistas","113","8","2,71","108","23,98"
"2026-06-28","LM | E1-DIST |  | ENGJ | ABO | 2026-06-02 | Visitas no Perfil","1 - IG | M | 35+ | Sudeste | Publico High Ticket","AD 02 | Ambição sem estrutura cansa.","722","32","22,21","711","30,76"
"2026-06-28","LM | E1-DIST |  | ENGJ | ABO | 2026-06-02 | Visitas no Perfil","3 - IG | M | 35+ | Sudeste | Publico High Ticket","AD 03 | Firme nas decisões, doce na essência","738","35","21,36","728","28,94"
"2026-06-28","LM | E1-DIST |  | ENGJ | ABO | 2026-06-02 | Visitas no Perfil","5 - IG | M | 35+ | Sudeste | Publico High Ticket | Lista MC LLK","AD 06 | Ela tem sorte","691","17","15,5","621","22,43"
"2026-06-28","LM | E1-DIST |  | ENGJ | ABO | 2026-06-02 | Visitas no Perfil","6 - IG | M | 35+ | Sudeste | Publico High Ticket | Lista MC LLK","AD 06 | Ela tem sorte","821","34","19,93","757","24,28"
"2026-06-28","LM | E1-DIST |  | ENGJ | ABO | 2026-06-02 | Visitas no Perfil","6 - IG | M | 35+ | Sudeste | Publico High Ticket | Lista MC LLK","AD 05 | Vc pode ter conquistas","28","1","1,14","28","40,71"
"2026-06-29","LM | E1-DIST |  | ENGJ | ABO | 2026-06-02 | Visitas no Perfil","1 - IG | M | 35+ | Sudeste | Publico High Ticket","AD 02 | Ambição sem estrutura cansa.","658","35","19,81","623","30,11"
"2026-06-29","LM | E1-DIST |  | ENGJ | ABO | 2026-06-02 | Visitas no Perfil","3 - IG | M | 35+ | Sudeste | Publico High Ticket","AD 03 | Firme nas decisões, doce na essência","634","34","18,77","593","29,61"
"2026-06-29","LM | E1-DIST |  | ENGJ | ABO | 2026-06-02 | Visitas no Perfil","6 - IG | M | 35+ | Sudeste | Publico High Ticket | Lista MC LLK","AD 06 | Ela tem sorte","971","35","21,43","876","22,07"
"2026-06-29","LM | E1-DIST |  | ENGJ | ABO | 2026-06-02 | Visitas no Perfil","6 - IG | M | 35+ | Sudeste | Publico High Ticket | Lista MC LLK","AD 05 | Vc pode ter conquistas","15","","0,29","15","19,33"
"2026-06-30","LM | E1-DIST |  | ENGJ | ABO | 2026-06-02 | Visitas no Perfil","1 - IG | M | 35+ | Sudeste | Publico High Ticket","AD 02 | Ambição sem estrutura cansa.","445","39","18,6","435","41,8"
"2026-06-30","LM | E1-DIST |  | ENGJ | ABO | 2026-06-02 | Visitas no Perfil","3 - IG | M | 35+ | Sudeste | Publico High Ticket","AD 03 | Firme nas decisões, doce na essência","599","23","18,71","555","31,24"
"2026-06-30","LM | E1-DIST |  | ENGJ | ABO | 2026-06-02 | Visitas no Perfil","6 - IG | M | 35+ | Sudeste | Publico High Ticket | Lista MC LLK","AD 06 | Ela tem sorte","694","27","19,36","635","27,9"
"2026-06-30","LM | E1-DIST |  | ENGJ | ABO | 2026-06-02 | Visitas no Perfil","6 - IG | M | 35+ | Sudeste | Publico High Ticket | Lista MC LLK","AD 05 | Vc pode ter conquistas","3","1","0,26","3","86,67"
"2026-07-01","LM | E1-DIST |  | ENGJ | ABO | 2026-06-02 | Visitas no Perfil","1 - IG | M | 35+ | Sudeste | Publico High Ticket","AD 02 | Ambição sem estrutura cansa.","497","15","18,3","475","36,82"
"2026-07-01","LM | E1-DIST |  | ENGJ | ABO | 2026-06-02 | Visitas no Perfil","3 - IG | M | 35+ | Sudeste | Publico High Ticket","AD 03 | Firme nas decisões, doce na essência","506","25","17,83","492","35,24"
"2026-07-01","LM | E1-DIST |  | ENGJ | ABO | 2026-06-02 | Visitas no Perfil","6 - IG | M | 35+ | Sudeste | Publico High Ticket | Lista MC LLK","AD 06 | Ela tem sorte","662","36","17,86","635","26,98"
"2026-07-01","LM | E1-DIST |  | ENGJ | ABO | 2026-06-02 | Visitas no Perfil","6 - IG | M | 35+ | Sudeste | Publico High Ticket | Lista MC LLK","AD 05 | Vc pode ter conquistas","5","","0,17","5","34"
"2026-07-02","LM | E1-DIST |  | ENGJ | ABO | 2026-06-02 | Visitas no Perfil","1 - IG | M | 35+ | Sudeste | Publico High Ticket","AD 02 | Ambição sem estrutura cansa.","424","26","16,7","409","39,39"
"2026-07-02","LM | E1-DIST |  | ENGJ | ABO | 2026-06-02 | Visitas no Perfil","3 - IG | M | 35+ | Sudeste | Publico High Ticket","AD 03 | Firme nas decisões, doce na essência","520","19","17,28","511","33,23"
"2026-07-02","LM | E1-DIST |  | ENGJ | ABO | 2026-06-02 | Visitas no Perfil","6 - IG | M | 35+ | Sudeste | Publico High Ticket | Lista MC LLK","AD 06 | Ela tem sorte","764","27","17,42","689","22,8"
"2026-07-02","LM | E1-DIST |  | ENGJ | ABO | 2026-06-02 | Visitas no Perfil","6 - IG | M | 35+ | Sudeste | Publico High Ticket | Lista MC LLK","AD 05 | Vc pode ter conquistas","12","","0,25","12","20,83"
"2026-07-03","LM | E1-DIST |  | ENGJ | ABO | 2026-06-02 | Visitas no Perfil","1 - IG | M | 35+ | Sudeste | Publico High Ticket","AD 02 | Ambição sem estrutura cansa.","455","20","16","408","35,16"
"2026-07-03","LM | E1-DIST |  | ENGJ | ABO | 2026-06-02 | Visitas no Perfil","3 - IG | M | 35+ | Sudeste | Publico High Ticket","AD 03 | Firme nas decisões, doce na essência","443","24","16,45","443","37,13"
"2026-07-03","LM | E1-DIST |  | ENGJ | ABO | 2026-06-02 | Visitas no Perfil","6 - IG | M | 35+ | Sudeste | Publico High Ticket | Lista MC LLK","AD 06 | Ela tem sorte","632","22","15,07","596","23,84"
"2026-07-04","LM | E1-DIST |  | ENGJ | ABO | 2026-06-02 | Visitas no Perfil","1 - IG | M | 35+ | Sudeste | Publico High Ticket","AD 02 | Ambição sem estrutura cansa.","523","27","14,26","509","27,27"
"2026-07-04","LM | E1-DIST |  | ENGJ | ABO | 2026-06-02 | Visitas no Perfil","3 - IG | M | 35+ | Sudeste | Publico High Ticket","AD 03 | Firme nas decisões, doce na essência","545","28","15,37","533","28,2"
"2026-07-04","LM | E1-DIST |  | ENGJ | ABO | 2026-06-02 | Visitas no Perfil","6 - IG | M | 35+ | Sudeste | Publico High Ticket | Lista MC LLK","AD 06 | Ela tem sorte","458","24","12,52","446","27,34"
"2026-07-04","LM | E1-DIST |  | ENGJ | ABO | 2026-06-02 | Visitas no Perfil","6 - IG | M | 35+ | Sudeste | Publico High Ticket | Lista MC LLK","AD 05 | Vc pode ter conquistas","8","1","0,11","7","13,75"
"2026-07-05","LM | E1-DIST |  | ENGJ | ABO | 2026-06-02 | Visitas no Perfil","1 - IG | M | 35+ | Sudeste | Publico High Ticket","AD 02 | Ambição sem estrutura cansa.","665","35","20,93","638","31,47"
"2026-07-05","LM | E1-DIST |  | ENGJ | ABO | 2026-06-02 | Visitas no Perfil","3 - IG | M | 35+ | Sudeste | Publico High Ticket","AD 03 | Firme nas decisões, doce na essência","744","40","21,14","717","28,41"
"2026-07-05","LM | E1-DIST |  | ENGJ | ABO | 2026-06-02 | Visitas no Perfil","6 - IG | M | 35+ | Sudeste | Publico High Ticket | Lista MC LLK","AD 06 | Ela tem sorte","943","24","20,16","843","21,38"
"2026-07-05","LM | E1-DIST |  | ENGJ | ABO | 2026-06-02 | Visitas no Perfil","6 - IG | M | 35+ | Sudeste | Publico High Ticket | Lista MC LLK","AD 05 | Vc pode ter conquistas","21","1","0,63","20","30"
"2026-07-06","LM | E1-DIST |  | ENGJ | ABO | 2026-06-02 | Visitas no Perfil","1 - IG | M | 35+ | Sudeste | Publico High Ticket","AD 02 | Ambição sem estrutura cansa.","521","30","20,05","498","38,48"
"2026-07-06","LM | E1-DIST |  | ENGJ | ABO | 2026-06-02 | Visitas no Perfil","3 - IG | M | 35+ | Sudeste | Publico High Ticket","AD 03 | Firme nas decisões, doce na essência","591","25","17,92","560","30,32"
"2026-07-06","LM | E1-DIST |  | ENGJ | ABO | 2026-06-02 | Visitas no Perfil","6 - IG | M | 35+ | Sudeste | Publico High Ticket | Lista MC LLK","AD 06 | Ela tem sorte","878","41","19,72","814","22,46"
"2026-07-06","LM | E1-DIST |  | ENGJ | ABO | 2026-06-02 | Visitas no Perfil","6 - IG | M | 35+ | Sudeste | Publico High Ticket | Lista MC LLK","AD 05 | Vc pode ter conquistas","13","1","0,4","13","30,77"
"2026-07-07","LM | E1-DIST |  | ENGJ | ABO | 2026-06-02 | Visitas no Perfil","1 - IG | M | 35+ | Sudeste | Publico High Ticket","AD 02 | Ambição sem estrutura cansa.","376","17","14,3","362","38,03"
"2026-07-07","LM | E1-DIST |  | ENGJ | ABO | 2026-06-02 | Visitas no Perfil","3 - IG | M | 35+ | Sudeste | Publico High Ticket","AD 03 | Firme nas decisões, doce na essência","416","18","14,47","413","34,78"
"2026-07-07","LM | E1-DIST |  | ENGJ | ABO | 2026-06-02 | Visitas no Perfil","6 - IG | M | 35+ | Sudeste | Publico High Ticket | Lista MC LLK","AD 06 | Ela tem sorte","494","22","13,27","485","26,86"
"2026-07-07","LM | E1-DIST |  | ENGJ | ABO | 2026-06-02 | Visitas no Perfil","6 - IG | M | 35+ | Sudeste | Publico High Ticket | Lista MC LLK","AD 05 | Vc pode ter conquistas","39","5","1,27","38","32,56"
"2026-07-08","LM | E1-DIST |  | ENGJ | ABO | 2026-06-02 | Visitas no Perfil","1 - IG | M | 35+ | Sudeste | Publico High Ticket","AD 02 | Ambição sem estrutura cansa.","34","1","0,43","34","12,65"
"2026-07-08","LM | E1-DIST |  | ENGJ | ABO | 2026-06-02 | Visitas no Perfil","3 - IG | M | 35+ | Sudeste | Publico High Ticket","AD 03 | Firme nas decisões, doce na essência","26","1","0,35","26","13,46"
"2026-07-08","LM | E1-DIST |  | ENGJ | ABO | 2026-06-02 | Visitas no Perfil","6 - IG | M | 35+ | Sudeste | Publico High Ticket | Lista MC LLK","AD 06 | Ela tem sorte","10","1","0,15","10","15"
"2026-07-10","LM | E1-DIST |  | ENGJ | ABO | 2026-06-02 | Visitas no Perfil","1 - IG | M | 35+ | Sudeste | Publico High Ticket","AD 02 | Ambição sem estrutura cansa.","714","36","25","704","35,01"
"2026-07-10","LM | E1-DIST |  | ENGJ | ABO | 2026-06-02 | Visitas no Perfil","3 - IG | M | 35+ | Sudeste | Publico High Ticket","AD 03 | Firme nas decisões, doce na essência","788","19","25,7","762","32,61"
"2026-07-10","LM | E1-DIST |  | ENGJ | ABO | 2026-06-02 | Visitas no Perfil","6 - IG | M | 35+ | Sudeste | Publico High Ticket | Lista MC LLK","AD 06 | Ela tem sorte","734","28","21,95","700","29,9"
"2026-07-10","LM | E1-DIST |  | ENGJ | ABO | 2026-06-02 | Visitas no Perfil","6 - IG | M | 35+ | Sudeste | Publico High Ticket | Lista MC LLK","AD 05 | Vc pode ter conquistas","92","2","3,45","90","37,5"
"2026-07-11","LM | E1-DIST |  | ENGJ | ABO | 2026-06-02 | Visitas no Perfil","1 - IG | M | 35+ | Sudeste | Publico High Ticket","AD 02 | Ambição sem estrutura cansa.","825","53","31,08","789","37,67"
"2026-07-11","LM | E1-DIST |  | ENGJ | ABO | 2026-06-02 | Visitas no Perfil","3 - IG | M | 35+ | Sudeste | Publico High Ticket","AD 03 | Firme nas decisões, doce na essência","1007","58","31","987","30,78"
"2026-07-11","LM | E1-DIST |  | ENGJ | ABO | 2026-06-02 | Visitas no Perfil","6 - IG | M | 35+ | Sudeste | Publico High Ticket | Lista MC LLK","AD 06 | Ela tem sorte","959","44","26,76","858","27,9"
"2026-07-11","LM | E1-DIST |  | ENGJ | ABO | 2026-06-02 | Visitas no Perfil","6 - IG | M | 35+ | Sudeste | Publico High Ticket | Lista MC LLK","AD 05 | Vc pode ter conquistas","131","5","3,72","128","28,4"
"2026-07-12","LM | E1-DIST |  | ENGJ | ABO | 2026-06-02 | Visitas no Perfil","1 - IG | M | 35+ | Sudeste | Publico High Ticket","AD 02 | Ambição sem estrutura cansa.","569","25","21,47","535","37,73"
"2026-07-12","LM | E1-DIST |  | ENGJ | ABO | 2026-06-02 | Visitas no Perfil","3 - IG | M | 35+ | Sudeste | Publico High Ticket","AD 03 | Firme nas decisões, doce na essência","721","47","21,45","699","29,75"
"2026-07-12","LM | E1-DIST |  | ENGJ | ABO | 2026-06-02 | Visitas no Perfil","6 - IG | M | 35+ | Sudeste | Publico High Ticket | Lista MC LLK","AD 06 | Ela tem sorte","442","25","13,33","408","30,16"
"2026-07-12","LM | E1-DIST |  | ENGJ | ABO | 2026-06-02 | Visitas no Perfil","6 - IG | M | 35+ | Sudeste | Publico High Ticket | Lista MC LLK","AD 05 | Vc pode ter conquistas","259","19","9,75","243","37,64"
"2026-07-13","LM | E1-DIST |  | ENGJ | ABO | 2026-06-02 | Visitas no Perfil","1 - IG | M | 35+ | Sudeste | Publico High Ticket","AD 02 | Ambição sem estrutura cansa.","636","30","18,11","599","28,47"
"2026-07-13","LM | E1-DIST |  | ENGJ | ABO | 2026-06-02 | Visitas no Perfil","3 - IG | M | 35+ | Sudeste | Publico High Ticket","AD 03 | Firme nas decisões, doce na essência","639","34","18,09","639","28,31"
"2026-07-13","LM | E1-DIST |  | ENGJ | ABO | 2026-06-02 | Visitas no Perfil","6 - IG | M | 35+ | Sudeste | Publico High Ticket | Lista MC LLK","AD 06 | Ela tem sorte","678","43","19,14","619","28,23"
"2026-07-13","LM | E1-DIST |  | ENGJ | ABO | 2026-06-02 | Visitas no Perfil","6 - IG | M | 35+ | Sudeste | Publico High Ticket | Lista MC LLK","AD 05 | Vc pode ter conquistas","39","2","1,03","37","26,41"
"2026-07-14","LM | E1-DIST |  | ENGJ | ABO | 2026-06-02 | Visitas no Perfil","1 - IG | M | 35+ | Sudeste | Publico High Ticket","AD 02 | Ambição sem estrutura cansa.","679","40","18,03","671","26,55"
"2026-07-14","LM | E1-DIST |  | ENGJ | ABO | 2026-06-02 | Visitas no Perfil","3 - IG | M | 35+ | Sudeste | Publico High Ticket","AD 03 | Firme nas decisões, doce na essência","583","31","17,43","560","29,9"
"2026-07-14","LM | E1-DIST |  | ENGJ | ABO | 2026-06-02 | Visitas no Perfil","6 - IG | M | 35+ | Sudeste | Publico High Ticket | Lista MC LLK","AD 06 | Ela tem sorte","652","24","16,02","597","24,57"
"2026-07-14","LM | E1-DIST |  | ENGJ | ABO | 2026-06-02 | Visitas no Perfil","6 - IG | M | 35+ | Sudeste | Publico High Ticket | Lista MC LLK","AD 05 | Vc pode ter conquistas","26","1","1,29","25","49,62"
"2026-07-15","LM | E1-DIST |  | ENGJ | ABO | 2026-06-02 | Visitas no Perfil","1 - IG | M | 35+ | Sudeste | Publico High Ticket","AD 02 | Ambição sem estrutura cansa.","547","30","17,26","531","31,55"
"2026-07-15","LM | E1-DIST |  | ENGJ | ABO | 2026-06-02 | Visitas no Perfil","3 - IG | M | 35+ | Sudeste | Publico High Ticket","AD 03 | Firme nas decisões, doce na essência","498","26","17,45","490","35,04"
"2026-07-15","LM | E1-DIST |  | ENGJ | ABO | 2026-06-02 | Visitas no Perfil","6 - IG | M | 35+ | Sudeste | Publico High Ticket | Lista MC LLK","AD 06 | Ela tem sorte","406","19","15,2","383","37,44"
"2026-07-15","LM | E1-DIST |  | ENGJ | ABO | 2026-06-02 | Visitas no Perfil","6 - IG | M | 35+ | Sudeste | Publico High Ticket | Lista MC LLK","AD 05 | Vc pode ter conquistas","6","","0,23","6","38,33"
"2026-07-16","LM | E1-DIST |  | ENGJ | ABO | 2026-06-02 | Visitas no Perfil","1 - IG | M | 35+ | Sudeste | Publico High Ticket","AD 02 | Ambição sem estrutura cansa.","437","29","18,71","414","42,81"
"2026-07-16","LM | E1-DIST |  | ENGJ | ABO | 2026-06-02 | Visitas no Perfil","3 - IG | M | 35+ | Sudeste | Publico High Ticket","AD 03 | Firme nas decisões, doce na essência","418","35","18","396","43,06"
"2026-07-16","LM | E1-DIST |  | ENGJ | ABO | 2026-06-02 | Visitas no Perfil","6 - IG | M | 35+ | Sudeste | Publico High Ticket | Lista MC LLK","AD 06 | Ela tem sorte","477","15","17,96","443","37,65"
"2026-07-16","LM | E1-DIST |  | ENGJ | ABO | 2026-06-02 | Visitas no Perfil","6 - IG | M | 35+ | Sudeste | Publico High Ticket | Lista MC LLK","AD 05 | Vc pode ter conquistas","13","1","0,77","13","59,23"
"2026-07-17","LM | E1-DIST |  | ENGJ | ABO | 2026-06-02 | Visitas no Perfil","1 - IG | M | 35+ | Sudeste | Publico High Ticket","AD 02 | Ambição sem estrutura cansa.","452","34","18,83","445","41,66"
"2026-07-17","LM | E1-DIST |  | ENGJ | ABO | 2026-06-02 | Visitas no Perfil","3 - IG | M | 35+ | Sudeste | Publico High Ticket","AD 03 | Firme nas decisões, doce na essência","376","26","18,43","373","49,02"
"2026-07-17","LM | E1-DIST |  | ENGJ | ABO | 2026-06-02 | Visitas no Perfil","6 - IG | M | 35+ | Sudeste | Publico High Ticket | Lista MC LLK","AD 06 | Ela tem sorte","427","26","16,05","400","37,59"
"2026-07-17","LM | E1-DIST |  | ENGJ | ABO | 2026-06-02 | Visitas no Perfil","6 - IG | M | 35+ | Sudeste | Publico High Ticket | Lista MC LLK","AD 05 | Vc pode ter conquistas","9","2","0,88","9","97,78"
"2026-07-18","LM | E1-DIST |  | ENGJ | ABO | 2026-06-02 | Visitas no Perfil","1 - IG | M | 35+ | Sudeste | Publico High Ticket","AD 02 | Ambição sem estrutura cansa.","429","31","13,5","426","31,47"
"2026-07-18","LM | E1-DIST |  | ENGJ | ABO | 2026-06-02 | Visitas no Perfil","3 - IG | M | 35+ | Sudeste | Publico High Ticket","AD 03 | Firme nas decisões, doce na essência","473","20","14,99","469","31,69"
"2026-07-18","LM | E1-DIST |  | ENGJ | ABO | 2026-06-02 | Visitas no Perfil","6 - IG | M | 35+ | Sudeste | Publico High Ticket | Lista MC LLK","AD 06 | Ela tem sorte","487","36","14,04","456","28,83"
"2026-07-19","LM | E1-DIST |  | ENGJ | ABO | 2026-06-02 | Visitas no Perfil","1 - IG | M | 35+ | Sudeste | Publico High Ticket","AD 02 | Ambição sem estrutura cansa.","615","49","22,33","589","36,31"
"2026-07-19","LM | E1-DIST |  | ENGJ | ABO | 2026-06-02 | Visitas no Perfil","3 - IG | M | 35+ | Sudeste | Publico High Ticket","AD 03 | Firme nas decisões, doce na essência","539","38","20,81","533","38,61"
"2026-07-19","LM | E1-DIST |  | ENGJ | ABO | 2026-06-02 | Visitas no Perfil","6 - IG | M | 35+ | Sudeste | Publico High Ticket | Lista MC LLK","AD 06 | Ela tem sorte","849","37","23,2","791","27,33"
"2026-07-19","LM | E1-DIST |  | ENGJ | ABO | 2026-06-02 | Visitas no Perfil","6 - IG | M | 35+ | Sudeste | Publico High Ticket | Lista MC LLK","AD 05 | Vc pode ter conquistas","1","","0,01","1","10"
"2026-07-20","LM | E1-DIST |  | ENGJ | ABO | 2026-06-02 | Visitas no Perfil","1 - IG | M | 35+ | Sudeste | Publico High Ticket","AD 02 | Ambição sem estrutura cansa.","119","8","5,62","119","47,23"
"2026-07-20","LM | E1-DIST |  | ENGJ | ABO | 2026-06-02 | Visitas no Perfil","3 - IG | M | 35+ | Sudeste | Publico High Ticket","AD 03 | Firme nas decisões, doce na essência","146","9","6,32","145","43,29"
"2026-07-20","LM | E1-DIST |  | ENGJ | ABO | 2026-06-02 | Visitas no Perfil","6 - IG | M | 35+ | Sudeste | Publico High Ticket | Lista MC LLK","AD 06 | Ela tem sorte","259","9","7,77","250","30"
"2026-08-07","LM | E1-DIST |  | ENGJ | ABO | 2026-08-07 | Visitas no Perfil","01 - IG | M | 35+ | Sudeste | Publico High Ticket | Frio de Interesses","Reels - Nem toda mulher","8","2","0,19","7","23,75"
"2026-08-07","LM | E1-DIST |  | ENGJ | ABO | 2026-08-07 | Visitas no Perfil","01 - IG | M | 35+ | Sudeste | Publico High Ticket | Frio de Interesses","Reels - tipo de solidão","197","14","4,3","183","21,83"
"2026-08-07","LM | E1-DIST |  | ENGJ | ABO | 2026-08-07 | Visitas no Perfil","01 - IG | M | 35+ | Sudeste | Publico High Ticket | Frio de Interesses","Reels - Voce pode ter acumulado","628","16","6,42","627","10,22"
"2026-08-08","LM | E1-DIST |  | ENGJ | ABO | 2026-08-07 | Visitas no Perfil","01 - IG | M | 35+ | Sudeste | Publico High Ticket | Frio de Interesses","Reels - Nem toda mulher","11","","0,26","10","23,64"
"2026-08-08","LM | E1-DIST |  | ENGJ | ABO | 2026-08-07 | Visitas no Perfil","01 - IG | M | 35+ | Sudeste | Publico High Ticket | Frio de Interesses","Reels - tipo de solidão","400","28","8,57","363","21,43"
"2026-08-08","LM | E1-DIST |  | ENGJ | ABO | 2026-08-07 | Visitas no Perfil","01 - IG | M | 35+ | Sudeste | Publico High Ticket | Frio de Interesses","Reels - Voce pode ter acumulado","204","9","3,54","196","17,35"
"2026-08-09","LM | E1-DIST |  | ENGJ | ABO | 2026-08-07 | Visitas no Perfil","01 - IG | M | 35+ | Sudeste | Publico High Ticket | Frio de Interesses","Reels - Nem toda mulher","3","","0,07","3","23,33"
"2026-08-09","LM | E1-DIST |  | ENGJ | ABO | 2026-08-07 | Visitas no Perfil","01 - IG | M | 35+ | Sudeste | Publico High Ticket | Frio de Interesses","Reels - tipo de solidão","796","41","15,48","686","19,45"
"2026-08-10","LM | E1-DIST |  | ENGJ | ABO | 2026-08-07 | Visitas no Perfil","00 - IG | M | 35+ | Sudeste | Publico High Ticket | Lista MC LLK","Reels - Se voce se reconhece","252","29","8,99","243","35,67"
"2026-08-10","LM | E1-DIST |  | ENGJ | ABO | 2026-08-07 | Visitas no Perfil","00 - IG | M | 35+ | Sudeste | Publico High Ticket | Lista MC LLK","Reels - Voce pode ter acumulado","36","3","1,67","35","46,39"
"2026-08-10","LM | E1-DIST |  | ENGJ | ABO | 2026-08-07 | Visitas no Perfil","01 - IG | M | 35+ | Sudeste | Publico High Ticket | Frio de Interesses","Reels - Nem toda mulher","2","","0,04","2","20"
"2026-08-10","LM | E1-DIST |  | ENGJ | ABO | 2026-08-07 | Visitas no Perfil","01 - IG | M | 35+ | Sudeste | Publico High Ticket | Frio de Interesses","Reels - tipo de solidão","619","38","11","557","17,77"
"2026-08-10","LM | E1-DIST |  | ENGJ | ABO | 2026-08-07 | Visitas no Perfil","01 - IG | M | 35+ | Sudeste | Publico High Ticket | Frio de Interesses","Reels - Vc não precis ser guerreira.","6","","0,13","6","21,67"
"2026-08-10","LM | E1-DIST |  | ENGJ | ABO | 2026-08-07 | Visitas no Perfil","01 - IG | M | 35+ | Sudeste | Publico High Ticket | Frio de Interesses","Reels - Voce pode ter acumulado","1","","0","1","0"
"2026-08-10","LM | E1-DIST |  | ENGJ | ABO | 2026-08-07 | Visitas no Perfil","00 - IG | M | 35+ | Sudeste | Publico High Ticket | Lista MC LLK","Reels - Chamam de sorte","2","","0,08","2","40"
"2026-08-11","LM | E1-DIST |  | ENGJ | ABO | 2026-08-07 | Visitas no Perfil","00 - IG | M | 35+ | Sudeste | Publico High Ticket | Lista MC LLK","Reels - Se voce se reconhece","567","37","14,23","497","25,1"
"2026-08-11","LM | E1-DIST |  | ENGJ | ABO | 2026-08-07 | Visitas no Perfil","00 - IG | M | 35+ | Sudeste | Publico High Ticket | Lista MC LLK","Reels - Voce pode ter acumulado","13","1","0,69","11","53,08"
"2026-08-11","LM | E1-DIST |  | ENGJ | ABO | 2026-08-07 | Visitas no Perfil","01 - IG | M | 35+ | Sudeste | Publico High Ticket | Frio de Interesses","Reels - Nem toda mulher","4","","0,16","4","40"
"2026-08-11","LM | E1-DIST |  | ENGJ | ABO | 2026-08-07 | Visitas no Perfil","01 - IG | M | 35+ | Sudeste | Publico High Ticket | Frio de Interesses","Reels - tipo de solidão","93","6","2,34","91","25,16"
"2026-08-11","LM | E1-DIST |  | ENGJ | ABO | 2026-08-07 | Visitas no Perfil","01 - IG | M | 35+ | Sudeste | Publico High Ticket | Frio de Interesses","Reels - Vc não precis ser guerreira.","450","38","11,73","398","26,07"
"2026-08-11","LM | E1-DIST |  | ENGJ | ABO | 2026-08-07 | Visitas no Perfil","00 - IG | M | 35+ | Sudeste | Publico High Ticket | Lista MC LLK","Reels - Chamam de sorte","9","1","0,78","8","86,67"
"2026-08-12","LM | E1-DIST |  | ENGJ | ABO | 2026-08-07 | Visitas no Perfil","00 - IG | M | 35+ | Sudeste | Publico High Ticket | Lista MC LLK","Reels - Se voce se reconhece","552","47","16,52","522","29,93"
"2026-08-12","LM | E1-DIST |  | ENGJ | ABO | 2026-08-07 | Visitas no Perfil","01 - IG | M | 35+ | Sudeste | Publico High Ticket | Frio de Interesses","Reels - Nem toda mulher","7","","0,06","7","8,57"
"2026-08-12","LM | E1-DIST |  | ENGJ | ABO | 2026-08-07 | Visitas no Perfil","01 - IG | M | 35+ | Sudeste | Publico High Ticket | Frio de Interesses","Reels - Vc não precis ser guerreira.","758","36","17,01","660","22,44"
"2026-08-12","LM | E1-DIST |  | ENGJ | ABO | 2026-08-07 | Visitas no Perfil","00 - IG | M | 35+ | Sudeste | Publico High Ticket | Lista MC LLK","Reels - Chamam de sorte","2","","0,03","2","15"
"2026-08-13","LM | E1-DIST |  | ENGJ | ABO | 2026-08-07 | Visitas no Perfil","00 - IG | M | 35+ | Sudeste | Publico High Ticket | Lista MC LLK","Reels - Se voce se reconhece","385","19","11,9","368","30,91"
"2026-08-13","LM | E1-DIST |  | ENGJ | ABO | 2026-08-07 | Visitas no Perfil","01 - IG | M | 35+ | Sudeste | Publico High Ticket | Frio de Interesses","Reels - Vc não precis ser guerreira.","471","33","11,03","424","23,42"
"2026-08-13","LM | E1-DIST |  | ENGJ | ABO | 2026-08-07 | Visitas no Perfil","01 - IG | M | 35+ | Sudeste | Publico High Ticket | Frio de Interesses","Reels - Voce pode ter acumulado","10","","0,22","10","22"
"2026-08-13","LM | E1-DIST |  | ENGJ | ABO | 2026-08-07 | Visitas no Perfil","02 - IG | M | 35+ | Sudeste | Publico High Ticket | Lista MC LLK — Cópia","Reels - Enquanto todos aplaudem","13","2","1,27","13","97,69"
"2026-08-13","LM | E1-DIST |  | ENGJ | ABO | 2026-08-07 | Visitas no Perfil","02 - IG | M | 35+ | Sudeste | Publico High Ticket | Lista MC LLK — Cópia","Reels - Ser independente é uma conquista","88","9","5,52","84","62,73"
"2026-08-13","LM | E1-DIST |  | ENGJ | ABO | 2026-08-07 | Visitas no Perfil","02 - IG | M | 35+ | Sudeste | Publico High Ticket | Lista MC LLK — Cópia","Reels - Nunca é tarde","30","1","1,77","29","59"
"2026-08-14","LM | E1-DIST |  | ENGJ | ABO | 2026-08-07 | Visitas no Perfil","00 - IG | M | 35+ | Sudeste | Publico High Ticket | Lista MC LLK","Reels - Se voce se reconhece","363","24","13,03","348","35,9"
"2026-08-14","LM | E1-DIST |  | ENGJ | ABO | 2026-08-07 | Visitas no Perfil","02 - IG | M | 35+ | Sudeste | Publico High Ticket | Lista MC LLK — Cópia","Reels - Enquanto todos aplaudem","19","1","0,38","18","20"
"2026-08-14","LM | E1-DIST |  | ENGJ | ABO | 2026-08-07 | Visitas no Perfil","02 - IG | M | 35+ | Sudeste | Publico High Ticket | Lista MC LLK — Cópia","Reels - Ser independente é uma conquista","211","19","12,92","187","61,23"
"2026-08-14","LM | E1-DIST |  | ENGJ | ABO | 2026-08-07 | Visitas no Perfil","02 - IG | M | 35+ | Sudeste | Publico High Ticket | Lista MC LLK — Cópia","Reels - Nunca é tarde","36","1","1,29","30","35,83"
"2026-08-15","LM | E1-DIST |  | ENGJ | ABO | 2026-08-07 | Visitas no Perfil","00 - IG | M | 35+ | Sudeste | Publico High Ticket | Lista MC LLK","Reels - Se voce se reconhece","411","32","11,05","391","26,89"
"2026-08-15","LM | E1-DIST |  | ENGJ | ABO | 2026-08-07 | Visitas no Perfil","02 - IG | M | 35+ | Sudeste | Publico High Ticket | Lista MC LLK — Cópia","Reels - Enquanto todos aplaudem","28","2","0,8","27","28,57"
"2026-08-15","LM | E1-DIST |  | ENGJ | ABO | 2026-08-07 | Visitas no Perfil","02 - IG | M | 35+ | Sudeste | Publico High Ticket | Lista MC LLK — Cópia","Reels - Ser independente é uma conquista","186","14","8,49","177","45,65"
"2026-08-15","LM | E1-DIST |  | ENGJ | ABO | 2026-08-07 | Visitas no Perfil","02 - IG | M | 35+ | Sudeste | Publico High Ticket | Lista MC LLK — Cópia","Reels - Nunca é tarde","22","","0,42","21","19,09"
"2026-08-16","LM | E1-DIST |  | ENGJ | ABO | 2026-08-07 | Visitas no Perfil","00 - IG | M | 35+ | Sudeste | Publico High Ticket | Lista MC LLK","Reels - Se voce se reconhece","544","36","15,66","515","28,79"
"2026-08-16","LM | E1-DIST |  | ENGJ | ABO | 2026-08-07 | Visitas no Perfil","02 - IG | M | 35+ | Sudeste | Publico High Ticket | Lista MC LLK — Cópia","Reels - Ser independente é uma conquista","384","34","17,85","323","46,48"
"2026-08-16","LM | E1-DIST |  | ENGJ | ABO | 2026-08-07 | Visitas no Perfil","02 - IG | M | 35+ | Sudeste | Publico High Ticket | Lista MC LLK — Cópia","Reels - Nunca é tarde","10","1","0,27","10","27"
"2026-08-17","LM | E1-DIST |  | ENGJ | ABO | 2026-08-07 | Visitas no Perfil","00 - IG | M | 35+ | Sudeste | Publico High Ticket | Lista MC LLK","Reels - Se voce se reconhece","716","47","15,54","704","21,7"
"2026-08-17","LM | E1-DIST |  | ENGJ | ABO | 2026-08-07 | Visitas no Perfil","02 - IG | M | 35+ | Sudeste | Publico High Ticket | Lista MC LLK — Cópia","Reels - Enquanto todos aplaudem","8","","0,14","8","17,5"
"2026-08-17","LM | E1-DIST |  | ENGJ | ABO | 2026-08-07 | Visitas no Perfil","02 - IG | M | 35+ | Sudeste | Publico High Ticket | Lista MC LLK — Cópia","Reels - Ser independente é uma conquista","65","3","3,15","61","48,46"
"2026-08-17","LM | E1-DIST |  | ENGJ | ABO | 2026-08-07 | Visitas no Perfil","02 - IG | M | 35+ | Sudeste | Publico High Ticket | Lista MC LLK — Cópia","Reels - Nunca é tarde","336","22","14,1","295","41,96"
"2026-08-18","LM | E1-DIST |  | ENGJ | ABO | 2026-08-07 | Visitas no Perfil","00 - IG | M | 35+ | Sudeste | Publico High Ticket | Lista MC LLK","Reels - Se voce se reconhece","948","87","17,52","929","18,48"
"2026-08-18","LM | E1-DIST |  | ENGJ | ABO | 2026-08-07 | Visitas no Perfil","02 - IG | M | 35+ | Sudeste | Publico High Ticket | Lista MC LLK — Cópia","Reels - Nunca é tarde","406","26","14,19","363","34,95"
"2026-08-19","LM | E1-DIST |  | ENGJ | ABO | 2026-08-07 | Visitas no Perfil","00 - IG | M | 35+ | Sudeste | Publico High Ticket | Lista MC LLK","Reels - Se voce se reconhece","1011","86","16,26","975","16,08"
"2026-08-19","LM | E1-DIST |  | ENGJ | ABO | 2026-08-07 | Visitas no Perfil","02 - IG | M | 35+ | Sudeste | Publico High Ticket | Lista MC LLK — Cópia","Reels - Nunca é tarde","139","9","6,45","134","46,4"
"2026-08-19","LM | E1-DIST |  | ENGJ | ABO | 2026-08-07 | Visitas no Perfil","02 - IG | M | 35+ | Sudeste | Publico High Ticket | Lista MC LLK — Cópia","Reels - Na sua vida hoje","106","4","4,23","100","39,91"
"2026-08-19","LM | E1-DIST |  | ENGJ | ABO | 2026-08-07 | Visitas no Perfil","02 - IG | M | 35+ | Sudeste | Publico High Ticket | Lista MC LLK — Cópia","Reels - Passamos anos","40","1","1,31","34","32,75"
"2026-08-19","LM | E1-DIST |  | ENGJ | ABO | 2026-08-07 | Visitas no Perfil","02 - IG | M | 35+ | Sudeste | Publico High Ticket | Lista MC LLK — Cópia","Reels - Ser Guerreira","56","4","2,37","50","42,32"
"2026-08-19","LM | E1-DIST |  | ENGJ | ABO | 2026-08-07 | Visitas no Perfil","02 - IG | M | 35+ | Sudeste | Publico High Ticket | Lista MC LLK — Cópia","Reels - Existe uma solidão","40","1","1,13","36","28,25"
"2026-08-20","LM | E1-DIST |  | ENGJ | ABO | 2026-08-07 | Visitas no Perfil","00 - IG | M | 35+ | Sudeste | Publico High Ticket | Lista MC LLK","Reels - Se voce se reconhece","1049","83","14,5","1029","13,82"
"2026-08-20","LM | E1-DIST |  | ENGJ | ABO | 2026-08-07 | Visitas no Perfil","02 - IG | M | 35+ | Sudeste | Publico High Ticket | Lista MC LLK — Cópia","Reels - Na sua vida hoje","178","11","7,77","162","43,65"
"2026-08-20","LM | E1-DIST |  | ENGJ | ABO | 2026-08-07 | Visitas no Perfil","02 - IG | M | 35+ | Sudeste | Publico High Ticket | Lista MC LLK — Cópia","Reels - Passamos anos","21","","1,14","20","54,29"
"2026-08-20","LM | E1-DIST |  | ENGJ | ABO | 2026-08-07 | Visitas no Perfil","02 - IG | M | 35+ | Sudeste | Publico High Ticket | Lista MC LLK — Cópia","Reels - Ser Guerreira","85","6","4,12","80","48,47"
"2026-08-20","LM | E1-DIST |  | ENGJ | ABO | 2026-08-07 | Visitas no Perfil","02 - IG | M | 35+ | Sudeste | Publico High Ticket | Lista MC LLK — Cópia","Reels - Existe uma solidão","54","11","2,91","46","53,89"
"2026-08-21","LM | E1-DIST |  | ENGJ | ABO | 2026-08-07 | Visitas no Perfil","00 - IG | M | 35+ | Sudeste | Publico High Ticket | Lista MC LLK","Reels - Se voce se reconhece","757","41","11,73","713","15,5"
"2026-08-21","LM | E1-DIST |  | ENGJ | ABO | 2026-08-07 | Visitas no Perfil","00 - IG | M | 35+ | Sudeste | Publico High Ticket | Lista MC LLK","Reels - Chamam de sorte","1","","0,01","1","10"
"2026-08-21","LM | E1-DIST |  | ENGJ | ABO | 2026-08-07 | Visitas no Perfil","02 - IG | M | 35+ | Sudeste | Publico High Ticket | Lista MC LLK — Cópia","Reels - Na sua vida hoje","191","13","6,44","179","33,72"
"2026-08-21","LM | E1-DIST |  | ENGJ | ABO | 2026-08-07 | Visitas no Perfil","02 - IG | M | 35+ | Sudeste | Publico High Ticket | Lista MC LLK — Cópia","Reels - Passamos anos","5","2","0,39","3","78"
"2026-08-21","LM | E1-DIST |  | ENGJ | ABO | 2026-08-07 | Visitas no Perfil","02 - IG | M | 35+ | Sudeste | Publico High Ticket | Lista MC LLK — Cópia","Reels - Ser Guerreira","45","2","2,32","40","51,56"
"2026-08-21","LM | E1-DIST |  | ENGJ | ABO | 2026-08-07 | Visitas no Perfil","02 - IG | M | 35+ | Sudeste | Publico High Ticket | Lista MC LLK — Cópia","Reels - Existe uma solidão","75","2","2,7","67","36"
"2026-08-22","LM | E1-DIST |  | ENGJ | ABO | 2026-08-07 | Visitas no Perfil","00 - IG | M | 35+ | Sudeste | Publico High Ticket | Lista MC LLK","Reels - Se voce se reconhece","735","60","13,56","702","18,45"
"2026-08-22","LM | E1-DIST |  | ENGJ | ABO | 2026-08-07 | Visitas no Perfil","02 - IG | M | 35+ | Sudeste | Publico High Ticket | Lista MC LLK — Cópia","Reels - Na sua vida hoje","268","15","11","251","41,04"
"2026-08-22","LM | E1-DIST |  | ENGJ | ABO | 2026-08-07 | Visitas no Perfil","02 - IG | M | 35+ | Sudeste | Publico High Ticket | Lista MC LLK — Cópia","Reels - Passamos anos","1","1","0,07","1","70"
"2026-08-22","LM | E1-DIST |  | ENGJ | ABO | 2026-08-07 | Visitas no Perfil","02 - IG | M | 35+ | Sudeste | Publico High Ticket | Lista MC LLK — Cópia","Reels - Ser Guerreira","3","","0,21","3","70"
"2026-08-22","LM | E1-DIST |  | ENGJ | ABO | 2026-08-07 | Visitas no Perfil","02 - IG | M | 35+ | Sudeste | Publico High Ticket | Lista MC LLK — Cópia","Reels - Existe uma solidão","3","","0,27","3","90"
"2026-08-23","LM | E1-DIST |  | ENGJ | ABO | 2026-08-07 | Visitas no Perfil","00 - IG | M | 35+ | Sudeste | Publico High Ticket | Lista MC LLK","Reels - Se voce se reconhece","1346","119","19,79","1314","14,7"
"2026-08-23","LM | E1-DIST |  | ENGJ | ABO | 2026-08-07 | Visitas no Perfil","02 - IG | M | 35+ | Sudeste | Publico High Ticket | Lista MC LLK — Cópia","Reels - Na sua vida hoje","441","27","18,99","412","43,06"
"2026-08-23","LM | E1-DIST |  | ENGJ | ABO | 2026-08-07 | Visitas no Perfil","02 - IG | M | 35+ | Sudeste | Publico High Ticket | Lista MC LLK — Cópia","Reels - Ser Guerreira","3","","0,12","2","40"
"2026-08-23","LM | E1-DIST |  | ENGJ | ABO | 2026-08-07 | Visitas no Perfil","02 - IG | M | 35+ | Sudeste | Publico High Ticket | Lista MC LLK — Cópia","Reels - Existe uma solidão","7","2","0,54","7","77,14"
"2026-08-24","LM | E1-DIST |  | ENGJ | ABO | 2026-08-07 | Visitas no Perfil","00 - IG | M | 35+ | Sudeste | Publico High Ticket | Lista MC LLK","Reels - Se voce se reconhece","1211","83","17,67","1211","14,59"
"2026-08-24","LM | E1-DIST |  | ENGJ | ABO | 2026-08-07 | Visitas no Perfil","02 - IG | M | 35+ | Sudeste | Publico High Ticket | Lista MC LLK — Cópia","Reels - Na sua vida hoje","166","12","7,31","161","44,04"
"2026-08-24","LM | E1-DIST |  | ENGJ | ABO | 2026-08-07 | Visitas no Perfil","02 - IG | M | 35+ | Sudeste | Publico High Ticket | Lista MC LLK — Cópia","Reels - Passamos anos","1","","0,02","1","20"
"2026-08-24","LM | E1-DIST |  | ENGJ | ABO | 2026-08-07 | Visitas no Perfil","02 - IG | M | 35+ | Sudeste | Publico High Ticket | Lista MC LLK — Cópia","Reels - Ser Guerreira","18","2","0,95","17","52,78"
"2026-08-24","LM | E1-DIST |  | ENGJ | ABO | 2026-08-07 | Visitas no Perfil","02 - IG | M | 35+ | Sudeste | Publico High Ticket | Lista MC LLK — Cópia","Reels - Existe uma solidão","1","","0,01","1","10"
"2026-08-24","LM | E1-DIST |  | ENGJ | ABO | 2026-08-07 | Visitas no Perfil","03 - IG | M | 35+ | Sudeste | Publico Frio de Interesses |","Reels - Existe uma solidão","58","2","1,99","54","34,31"
"2026-08-24","LM | E1-DIST |  | ENGJ | ABO | 2026-08-07 | Visitas no Perfil","03 - IG | M | 35+ | Sudeste | Publico Frio de Interesses |","Reels - Passamos anos","43","","0,68","43","15,81"
"2026-08-24","LM | E1-DIST |  | ENGJ | ABO | 2026-08-07 | Visitas no Perfil","03 - IG | M | 35+ | Sudeste | Publico Frio de Interesses |","Reels - Na sua vida hoje","240","15","7,62","231","31,75"
"2026-08-24","LM | E1-DIST |  | ENGJ | ABO | 2026-08-07 | Visitas no Perfil","03 - IG | M | 35+ | Sudeste | Publico Frio de Interesses |","Reels - Ser Guerreira","40","1","0,89","40","22,25"
"2026-08-24","LM | E1-DIST |  | ENGJ | ABO | 2026-08-07 | Visitas no Perfil","03 - IG | M | 35+ | Sudeste | Publico Frio de Interesses |","Reels - Ser independente é uma conquista","58","2","1,13","55","19,48"
"2026-08-24","LM | E1-DIST |  | ENGJ | ABO | 2026-08-07 | Visitas no Perfil","03 - IG | M | 35+ | Sudeste | Publico Frio de Interesses |","Reels - Nunca é tarde","6","1","0,5","6","83,33"
"2026-08-25","LM | E1-DIST |  | ENGJ | ABO | 2026-08-07 | Visitas no Perfil","00 - IG | M | 35+ | Sudeste | Publico High Ticket | Lista MC LLK","Reels - Se voce se reconhece","824","74","14,81","797","17,97"
"2026-08-25","LM | E1-DIST |  | ENGJ | ABO | 2026-08-07 | Visitas no Perfil","03 - IG | M | 35+ | Sudeste | Publico Frio de Interesses |","Reels - Existe uma solidão","3","","0,07","3","23,33"
"2026-08-25","LM | E1-DIST |  | ENGJ | ABO | 2026-08-07 | Visitas no Perfil","03 - IG | M | 35+ | Sudeste | Publico Frio de Interesses |","Reels - Passamos anos","12","1","0,56","11","46,67"
"2026-08-25","LM | E1-DIST |  | ENGJ | ABO | 2026-08-07 | Visitas no Perfil","03 - IG | M | 35+ | Sudeste | Publico Frio de Interesses |","Reels - Na sua vida hoje","284","10","8,73","260","30,74"
"2026-08-25","LM | E1-DIST |  | ENGJ | ABO | 2026-08-07 | Visitas no Perfil","03 - IG | M | 35+ | Sudeste | Publico Frio de Interesses |","Reels - Ser Guerreira","45","3","1,62","37","36"
"2026-08-25","LM | E1-DIST |  | ENGJ | ABO | 2026-08-07 | Visitas no Perfil","03 - IG | M | 35+ | Sudeste | Publico Frio de Interesses |","Reels - Enquanto todos aplaudem","9","","0,33","9","36,67"
"2026-08-25","LM | E1-DIST |  | ENGJ | ABO | 2026-08-07 | Visitas no Perfil","03 - IG | M | 35+ | Sudeste | Publico Frio de Interesses |","Reels - Ser independente é uma conquista","28","3","0,78","27","27,86"
"2026-08-25","LM | E1-DIST |  | ENGJ | ABO | 2026-08-07 | Visitas no Perfil","03 - IG | M | 35+ | Sudeste | Publico Frio de Interesses |","Reels - Nunca é tarde","21","1","0,44","21","20,95"
"2026-08-26","LM | E1-DIST |  | ENGJ | ABO | 2026-08-07 | Visitas no Perfil","00 - IG | M | 35+ | Sudeste | Publico High Ticket | Lista MC LLK","Reels - Se voce se reconhece","504","42","8,83","504","17,52"
"2026-08-26","LM | E1-DIST |  | ENGJ | ABO | 2026-08-07 | Visitas no Perfil","03 - IG | M | 35+ | Sudeste | Publico Frio de Interesses |","Reels - Passamos anos","9","","0,43","9","47,78"
"2026-08-26","LM | E1-DIST |  | ENGJ | ABO | 2026-08-07 | Visitas no Perfil","03 - IG | M | 35+ | Sudeste | Publico Frio de Interesses |","Reels - Na sua vida hoje","411","27","13,4","395","32,6"
"2026-08-26","LM | E1-DIST |  | ENGJ | ABO | 2026-08-07 | Visitas no Perfil","03 - IG | M | 35+ | Sudeste | Publico Frio de Interesses |","Reels - Ser Guerreira","34","2","0,93","34","27,35"
"2026-08-26","LM | E1-DIST |  | ENGJ | ABO | 2026-08-07 | Visitas no Perfil","03 - IG | M | 35+ | Sudeste | Publico Frio de Interesses |","Reels - Enquanto todos aplaudem","24","1","0,9","22","37,5"
"2026-08-26","LM | E1-DIST |  | ENGJ | ABO | 2026-08-07 | Visitas no Perfil","03 - IG | M | 35+ | Sudeste | Publico Frio de Interesses |","Reels - Ser independente é uma conquista","10","","0,36","10","36"
"2026-08-26","LM | E1-DIST |  | ENGJ | ABO | 2026-08-07 | Visitas no Perfil","03 - IG | M | 35+ | Sudeste | Publico Frio de Interesses |","Reels - Nunca é tarde","7","","0,14","6","20"
"2026-08-26","LM | E1-DIST |  | ENGJ | ABO | 2026-08-07 | Visitas no Perfil","00 - IG | M | 35+ | Sudeste | Publico High Ticket | Lista MC LLK","Reels - O trabalho pode ocupar","146","13","3,16","137","21,64"
"2026-08-27","LM | E1-DIST |  | ENGJ | ABO | 2026-08-07 | Visitas no Perfil","00 - IG | M | 35+ | Sudeste | Publico High Ticket | Lista MC LLK","Reels - Se voce se reconhece","259","17","4,71","255","18,19"
"2026-08-27","LM | E1-DIST |  | ENGJ | ABO | 2026-08-07 | Visitas no Perfil","03 - IG | M | 35+ | Sudeste | Publico Frio de Interesses |","Reels - Existe uma solidão","4","","0,02","4","5"
"2026-08-27","LM | E1-DIST |  | ENGJ | ABO | 2026-08-07 | Visitas no Perfil","03 - IG | M | 35+ | Sudeste | Publico Frio de Interesses |","Reels - Na sua vida hoje","353","25","12,57","319","35,61"
"2026-08-27","LM | E1-DIST |  | ENGJ | ABO | 2026-08-07 | Visitas no Perfil","03 - IG | M | 35+ | Sudeste | Publico Frio de Interesses |","Reels - Ser Guerreira","15","","0,51","14","34"
"2026-08-27","LM | E1-DIST |  | ENGJ | ABO | 2026-08-07 | Visitas no Perfil","03 - IG | M | 35+ | Sudeste | Publico Frio de Interesses |","Reels - Enquanto todos aplaudem","1","","0,07","1","70"
"2026-08-27","LM | E1-DIST |  | ENGJ | ABO | 2026-08-07 | Visitas no Perfil","03 - IG | M | 35+ | Sudeste | Publico Frio de Interesses |","Reels - Ser independente é uma conquista","3","1","0,18","3","60"
"2026-08-27","LM | E1-DIST |  | ENGJ | ABO | 2026-08-07 | Visitas no Perfil","00 - IG | M | 35+ | Sudeste | Publico High Ticket | Lista MC LLK","Reels - Nem todo problema","9","3","0,26","9","28,89"
"2026-08-27","LM | E1-DIST |  | ENGJ | ABO | 2026-08-07 | Visitas no Perfil","00 - IG | M | 35+ | Sudeste | Publico High Ticket | Lista MC LLK","Reels - O trabalho pode ocupar","307","20","8,19","284","26,68"
"2026-08-27","LM | E1-DIST |  | ENGJ | ABO | 2026-08-07 | Visitas no Perfil","04 - IG | M | 35+ | Centro - Sul - Sudeste | Publico High Ticket | Lista MC LLK — Cópia","Reels - Nem todo problema","11","2","0,22","11","20"
"2026-08-27","LM | E1-DIST |  | ENGJ | ABO | 2026-08-07 | Visitas no Perfil","04 - IG | M | 35+ | Centro - Sul - Sudeste | Publico High Ticket | Lista MC LLK — Cópia","Reels - O trabalho pode ocupar","151","11","3,88","142","25,7"
"2026-08-27","LM | E1-DIST |  | ENGJ | ABO | 2026-08-07 | Visitas no Perfil","04 - IG | M | 35+ | Centro - Sul - Sudeste | Publico High Ticket | Lista MC LLK — Cópia","Reels - Se voce se reconhece","259","18","5,4","255","20,85"
"2026-08-28","LM | E1-DIST |  | ENGJ | ABO | 2026-08-07 | Visitas no Perfil","00 - IG | M | 35+ | Sudeste | Publico High Ticket | Lista MC LLK","Reels - Se voce se reconhece","141","13","2,89","140","20,5"
"2026-08-28","LM | E1-DIST |  | ENGJ | ABO | 2026-08-07 | Visitas no Perfil","03 - IG | M | 35+ | Sudeste | Publico Frio de Interesses |","Reels - Existe uma solidão","4","","0,1","4","25"
"2026-08-28","LM | E1-DIST |  | ENGJ | ABO | 2026-08-07 | Visitas no Perfil","03 - IG | M | 35+ | Sudeste | Publico Frio de Interesses |","Reels - Passamos anos","26","2","0,83","24","31,92"
"2026-08-28","LM | E1-DIST |  | ENGJ | ABO | 2026-08-07 | Visitas no Perfil","03 - IG | M | 35+ | Sudeste | Publico Frio de Interesses |","Reels - Na sua vida hoje","328","39","12,62","288","38,48"
"2026-08-28","LM | E1-DIST |  | ENGJ | ABO | 2026-08-07 | Visitas no Perfil","03 - IG | M | 35+ | Sudeste | Publico Frio de Interesses |","Reels - Enquanto todos aplaudem","5","","0,05","4","10"
"2026-08-28","LM | E1-DIST |  | ENGJ | ABO | 2026-08-07 | Visitas no Perfil","03 - IG | M | 35+ | Sudeste | Publico Frio de Interesses |","Reels - Ser independente é uma conquista","2","","0,02","2","10"
"2026-08-28","LM | E1-DIST |  | ENGJ | ABO | 2026-08-07 | Visitas no Perfil","00 - IG | M | 35+ | Sudeste | Publico High Ticket | Lista MC LLK","Reels - Nem todo problema","248","24","7,59","230","30,6"
"2026-08-28","LM | E1-DIST |  | ENGJ | ABO | 2026-08-07 | Visitas no Perfil","00 - IG | M | 35+ | Sudeste | Publico High Ticket | Lista MC LLK","Reels - O trabalho pode ocupar","106","13","2,77","105","26,13"
"2026-08-28","LM | E1-DIST |  | ENGJ | ABO | 2026-08-07 | Visitas no Perfil","04 - IG | M | 35+ | Centro - Sul - Sudeste | Publico High Ticket | Lista MC LLK — Cópia","Reels - Nem todo problema","14","","0,47","14","33,57"
"2026-08-28","LM | E1-DIST |  | ENGJ | ABO | 2026-08-07 | Visitas no Perfil","04 - IG | M | 35+ | Centro - Sul - Sudeste | Publico High Ticket | Lista MC LLK — Cópia","Reels - O trabalho pode ocupar","335","20","8,63","317","25,76"
"2026-08-28","LM | E1-DIST |  | ENGJ | ABO | 2026-08-07 | Visitas no Perfil","04 - IG | M | 35+ | Centro - Sul - Sudeste | Publico High Ticket | Lista MC LLK — Cópia","Reels - Se voce se reconhece","271","37","5,99","254","22,1"
"2026-08-29","LM | E1-DIST |  | ENGJ | ABO | 2026-08-07 | Visitas no Perfil","00 - IG | M | 35+ | Sudeste | Publico High Ticket | Lista MC LLK","Reels - Se voce se reconhece","397","22","6,96","397","17,53"
"2026-08-29","LM | E1-DIST |  | ENGJ | ABO | 2026-08-07 | Visitas no Perfil","03 - IG | M | 35+ | Sudeste | Publico Frio de Interesses |","Reels - Existe uma solidão","8","","0,16","8","20"
"2026-08-29","LM | E1-DIST |  | ENGJ | ABO | 2026-08-07 | Visitas no Perfil","03 - IG | M | 35+ | Sudeste | Publico Frio de Interesses |","Reels - Passamos anos","9","","0,16","9","17,78"
"2026-08-29","LM | E1-DIST |  | ENGJ | ABO | 2026-08-07 | Visitas no Perfil","03 - IG | M | 35+ | Sudeste | Publico Frio de Interesses |","Reels - Na sua vida hoje","330","24","12,79","305","38,76"
"2026-08-29","LM | E1-DIST |  | ENGJ | ABO | 2026-08-07 | Visitas no Perfil","03 - IG | M | 35+ | Sudeste | Publico Frio de Interesses |","Reels - Ser Guerreira","11","1","0,24","11","21,82"
"2026-08-29","LM | E1-DIST |  | ENGJ | ABO | 2026-08-07 | Visitas no Perfil","03 - IG | M | 35+ | Sudeste | Publico Frio de Interesses |","Reels - Enquanto todos aplaudem","1","","0,02","1","20"
"2026-08-29","LM | E1-DIST |  | ENGJ | ABO | 2026-08-07 | Visitas no Perfil","03 - IG | M | 35+ | Sudeste | Publico Frio de Interesses |","Reels - Ser independente é uma conquista","3","","0,02","3","6,67"
"2026-08-29","LM | E1-DIST |  | ENGJ | ABO | 2026-08-07 | Visitas no Perfil","03 - IG | M | 35+ | Sudeste | Publico Frio de Interesses |","Reels - Nunca é tarde","15","","0,15","15","10"
"2026-08-29","LM | E1-DIST |  | ENGJ | ABO | 2026-08-07 | Visitas no Perfil","00 - IG | M | 35+ | Sudeste | Publico High Ticket | Lista MC LLK","Reels - Nem todo problema","45","1","1,27","44","28,22"
"2026-08-29","LM | E1-DIST |  | ENGJ | ABO | 2026-08-07 | Visitas no Perfil","00 - IG | M | 35+ | Sudeste | Publico High Ticket | Lista MC LLK","Reels - O trabalho pode ocupar","178","21","6,04","174","33,93"
"2026-08-29","LM | E1-DIST |  | ENGJ | ABO | 2026-08-07 | Visitas no Perfil","04 - IG | M | 35+ | Centro - Sul - Sudeste | Publico High Ticket | Lista MC LLK — Cópia","Reels - Nem todo problema","5","","0,13","5","26"
"2026-08-29","LM | E1-DIST |  | ENGJ | ABO | 2026-08-07 | Visitas no Perfil","04 - IG | M | 35+ | Centro - Sul - Sudeste | Publico High Ticket | Lista MC LLK — Cópia","Reels - O trabalho pode ocupar","272","13","6,42","257","23,6"
"2026-08-29","LM | E1-DIST |  | ENGJ | ABO | 2026-08-07 | Visitas no Perfil","04 - IG | M | 35+ | Centro - Sul - Sudeste | Publico High Ticket | Lista MC LLK — Cópia","Reels - Se voce se reconhece","228","14","4,49","219","19,69"
"2026-08-30","LM | E1-DIST |  | ENGJ | ABO | 2026-08-07 | Visitas no Perfil","00 - IG | M | 35+ | Sudeste | Publico High Ticket | Lista MC LLK","Reels - Se voce se reconhece","1120","82","20,81","1036","18,58"
"2026-08-30","LM | E1-DIST |  | ENGJ | ABO | 2026-08-07 | Visitas no Perfil","03 - IG | M | 35+ | Sudeste | Publico Frio de Interesses |","Reels - Existe uma solidão","17","2","0,52","16","30,59"
"2026-08-30","LM | E1-DIST |  | ENGJ | ABO | 2026-08-07 | Visitas no Perfil","03 - IG | M | 35+ | Sudeste | Publico Frio de Interesses |","Reels - Passamos anos","10","","0,46","9","46"
"2026-08-30","LM | E1-DIST |  | ENGJ | ABO | 2026-08-07 | Visitas no Perfil","03 - IG | M | 35+ | Sudeste | Publico Frio de Interesses |","Reels - Na sua vida hoje","430","36","16,61","407","38,63"
"2026-08-30","LM | E1-DIST |  | ENGJ | ABO | 2026-08-07 | Visitas no Perfil","03 - IG | M | 35+ | Sudeste | Publico Frio de Interesses |","Reels - Ser Guerreira","32","1","1,17","32","36,56"
"2026-08-30","LM | E1-DIST |  | ENGJ | ABO | 2026-08-07 | Visitas no Perfil","03 - IG | M | 35+ | Sudeste | Publico Frio de Interesses |","Reels - Enquanto todos aplaudem","9","1","0,13","9","14,44"
"2026-08-30","LM | E1-DIST |  | ENGJ | ABO | 2026-08-07 | Visitas no Perfil","03 - IG | M | 35+ | Sudeste | Publico Frio de Interesses |","Reels - Ser independente é uma conquista","29","5","1,25","28","43,1"
"2026-08-30","LM | E1-DIST |  | ENGJ | ABO | 2026-08-07 | Visitas no Perfil","03 - IG | M | 35+ | Sudeste | Publico Frio de Interesses |","Reels - Nunca é tarde","5","1","0,16","5","32"
"2026-08-30","LM | E1-DIST |  | ENGJ | ABO | 2026-08-07 | Visitas no Perfil","00 - IG | M | 35+ | Sudeste | Publico High Ticket | Lista MC LLK","Reels - Nem todo problema","21","3","0,35","20","16,67"
"2026-08-30","LM | E1-DIST |  | ENGJ | ABO | 2026-08-07 | Visitas no Perfil","04 - IG | M | 35+ | Centro - Sul - Sudeste | Publico High Ticket | Lista MC LLK — Cópia","Reels - Nem todo problema","5","","0,16","5","32"
"2026-08-30","LM | E1-DIST |  | ENGJ | ABO | 2026-08-07 | Visitas no Perfil","04 - IG | M | 35+ | Centro - Sul - Sudeste | Publico High Ticket | Lista MC LLK — Cópia","Reels - O trabalho pode ocupar","308","34","8,51","292","27,63"
"2026-08-30","LM | E1-DIST |  | ENGJ | ABO | 2026-08-07 | Visitas no Perfil","04 - IG | M | 35+ | Centro - Sul - Sudeste | Publico High Ticket | Lista MC LLK — Cópia","Reels - Se voce se reconhece","477","58","10,07","451","21,11"
"2026-08-31","LM | E1-DIST |  | ENGJ | ABO | 2026-08-07 | Visitas no Perfil","00 - IG | M | 35+ | Sudeste | Publico High Ticket | Lista MC LLK","Reels - Se voce se reconhece","1282","101","15,91","1232","12,41"
"2026-08-31","LM | E1-DIST |  | ENGJ | ABO | 2026-08-07 | Visitas no Perfil","03 - IG | M | 35+ | Sudeste | Publico Frio de Interesses |","Reels - Existe uma solidão","1","","0,01","1","10"
"2026-08-31","LM | E1-DIST |  | ENGJ | ABO | 2026-08-07 | Visitas no Perfil","03 - IG | M | 35+ | Sudeste | Publico Frio de Interesses |","Reels - Passamos anos","3","","0,11","3","36,67"
"2026-08-31","LM | E1-DIST |  | ENGJ | ABO | 2026-08-07 | Visitas no Perfil","03 - IG | M | 35+ | Sudeste | Publico Frio de Interesses |","Reels - Na sua vida hoje","404","31","11,64","374","28,81"
"2026-08-31","LM | E1-DIST |  | ENGJ | ABO | 2026-08-07 | Visitas no Perfil","03 - IG | M | 35+ | Sudeste | Publico Frio de Interesses |","Reels - Ser Guerreira","23","3","1,32","22","57,39"
"2026-08-31","LM | E1-DIST |  | ENGJ | ABO | 2026-08-07 | Visitas no Perfil","03 - IG | M | 35+ | Sudeste | Publico Frio de Interesses |","Reels - Ser independente é uma conquista","14","1","0,21","12","15"
"2026-08-31","LM | E1-DIST |  | ENGJ | ABO | 2026-08-07 | Visitas no Perfil","03 - IG | M | 35+ | Sudeste | Publico Frio de Interesses |","Reels - Nunca é tarde","8","1","0,14","8","17,5"
"2026-08-31","LM | E1-DIST |  | ENGJ | ABO | 2026-08-07 | Visitas no Perfil","00 - IG | M | 35+ | Sudeste | Publico High Ticket | Lista MC LLK","Reels - Nem todo problema","1","","0,01","1","10"
"2026-08-31","LM | E1-DIST |  | ENGJ | ABO | 2026-08-07 | Visitas no Perfil","04 - IG | M | 35+ | Centro - Sul - Sudeste | Publico High Ticket | Lista MC LLK — Cópia","Reels - Nem todo problema","1","","0,02","1","20"
"2026-08-31","LM | E1-DIST |  | ENGJ | ABO | 2026-08-07 | Visitas no Perfil","04 - IG | M | 35+ | Centro - Sul - Sudeste | Publico High Ticket | Lista MC LLK — Cópia","Reels - O trabalho pode ocupar","213","9","6,06","203","28,45"
"2026-08-31","LM | E1-DIST |  | ENGJ | ABO | 2026-08-07 | Visitas no Perfil","04 - IG | M | 35+ | Centro - Sul - Sudeste | Publico High Ticket | Lista MC LLK — Cópia","Reels - Se voce se reconhece","661","51","10,58","617","16,01"
"2026-09-01","LM | E1-DIST |  | ENGJ | ABO | 2026-08-07 | Visitas no Perfil","00 - IG | M | 35+ | Sudeste | Publico High Ticket | Lista MC LLK","Reels - Se voce se reconhece","712","55","10,39","675","14,59"
"2026-09-01","LM | E1-DIST |  | ENGJ | ABO | 2026-08-07 | Visitas no Perfil","03 - IG | M | 35+ | Sudeste | Publico Frio de Interesses |","Reels - Existe uma solidão","2","2","0,05","2","25"
"2026-09-01","LM | E1-DIST |  | ENGJ | ABO | 2026-08-07 | Visitas no Perfil","03 - IG | M | 35+ | Sudeste | Publico Frio de Interesses |","Reels - Passamos anos","6","1","0,2","6","33,33"
"2026-09-01","LM | E1-DIST |  | ENGJ | ABO | 2026-08-07 | Visitas no Perfil","03 - IG | M | 35+ | Sudeste | Publico Frio de Interesses |","Reels - Na sua vida hoje","239","26","10,44","217","43,68"
"2026-09-01","LM | E1-DIST |  | ENGJ | ABO | 2026-08-07 | Visitas no Perfil","03 - IG | M | 35+ | Sudeste | Publico Frio de Interesses |","Reels - Ser Guerreira","123","5","3,95","112","32,11"
"2026-09-01","LM | E1-DIST |  | ENGJ | ABO | 2026-08-07 | Visitas no Perfil","03 - IG | M | 35+ | Sudeste | Publico Frio de Interesses |","Reels - Ser independente é uma conquista","43","1","0,72","38","16,74"
"2026-09-01","LM | E1-DIST |  | ENGJ | ABO | 2026-08-07 | Visitas no Perfil","03 - IG | M | 35+ | Sudeste | Publico Frio de Interesses |","Reels - Nunca é tarde","5","","0,15","5","30"
"2026-09-01","LM | E1-DIST |  | ENGJ | ABO | 2026-08-07 | Visitas no Perfil","00 - IG | M | 35+ | Sudeste | Publico High Ticket | Lista MC LLK","Reels - Nem todo problema","3","","0,01","2","3,33"
"2026-09-01","LM | E1-DIST |  | ENGJ | ABO | 2026-08-07 | Visitas no Perfil","04 - IG | M | 35+ | Centro - Sul - Sudeste | Publico High Ticket | Lista MC LLK — Cópia","Reels - O trabalho pode ocupar","90","1","2,66","79","29,56"
"2026-09-01","LM | E1-DIST |  | ENGJ | ABO | 2026-08-07 | Visitas no Perfil","04 - IG | M | 35+ | Centro - Sul - Sudeste | Publico High Ticket | Lista MC LLK — Cópia","Reels - Se voce se reconhece","427","45","7,34","422","17,19"
"2026-09-02","LM | E1-DIST |  | ENGJ | ABO | 2026-08-07 | Visitas no Perfil","00 - IG | M | 35+ | Sudeste | Publico High Ticket | Lista MC LLK","Reels - Se voce se reconhece","1028","69","14,76","971","14,36"
"2026-09-02","LM | E1-DIST |  | ENGJ | ABO | 2026-08-07 | Visitas no Perfil","03 - IG | M | 35+ | Sudeste | Publico Frio de Interesses |","Reels - Existe uma solidão","20","","0,36","20","18"
"2026-09-02","LM | E1-DIST |  | ENGJ | ABO | 2026-08-07 | Visitas no Perfil","03 - IG | M | 35+ | Sudeste | Publico Frio de Interesses |","Reels - Passamos anos","9","","0,09","9","10"
"2026-09-02","LM | E1-DIST |  | ENGJ | ABO | 2026-08-07 | Visitas no Perfil","03 - IG | M | 35+ | Sudeste | Publico Frio de Interesses |","Reels - Na sua vida hoje","111","10","5,6","105","50,45"
"2026-09-02","LM | E1-DIST |  | ENGJ | ABO | 2026-08-07 | Visitas no Perfil","03 - IG | M | 35+ | Sudeste | Publico Frio de Interesses |","Reels - Ser Guerreira","199","13","8,63","194","43,37"
"2026-09-02","LM | E1-DIST |  | ENGJ | ABO | 2026-08-07 | Visitas no Perfil","03 - IG | M | 35+ | Sudeste | Publico Frio de Interesses |","Reels - Enquanto todos aplaudem","12","1","0,29","12","24,17"
"2026-09-02","LM | E1-DIST |  | ENGJ | ABO | 2026-08-07 | Visitas no Perfil","03 - IG | M | 35+ | Sudeste | Publico Frio de Interesses |","Reels - Ser independente é uma conquista","39","3","0,86","35","22,05"
"2026-09-02","LM | E1-DIST |  | ENGJ | ABO | 2026-08-07 | Visitas no Perfil","03 - IG | M | 35+ | Sudeste | Publico Frio de Interesses |","Reels - Nunca é tarde","1","","0","1","0"
"2026-09-02","LM | E1-DIST |  | ENGJ | ABO | 2026-08-07 | Visitas no Perfil","00 - IG | M | 35+ | Sudeste | Publico High Ticket | Lista MC LLK","Reels - Nem todo problema","1","1","0,03","1","30"
"2026-09-02","LM | E1-DIST |  | ENGJ | ABO | 2026-08-07 | Visitas no Perfil","04 - IG | M | 35+ | Centro - Sul - Sudeste | Publico High Ticket | Lista MC LLK — Cópia","Reels - Nem todo problema","1","","0,05","1","50"
"2026-09-02","LM | E1-DIST |  | ENGJ | ABO | 2026-08-07 | Visitas no Perfil","04 - IG | M | 35+ | Centro - Sul - Sudeste | Publico High Ticket | Lista MC LLK — Cópia","Reels - O trabalho pode ocupar","67","6","2,02","65","30,15"
"2026-09-02","LM | E1-DIST |  | ENGJ | ABO | 2026-08-07 | Visitas no Perfil","04 - IG | M | 35+ | Centro - Sul - Sudeste | Publico High Ticket | Lista MC LLK — Cópia","Reels - Se voce se reconhece","339","24","5,39","333","15,9"
"2026-09-02","LM | E1-DIST | P2-FRIO | TRFG | ABO | 2026-09-03 | Impulsionar","IG | M | 35 a 54 | SUDESTE | LAL 1% | Se você reconhece esses comportamentos...","Se você reconhece esses comportamentos...","231","11","6,08","228","26,32"
"2026-09-02","LM | E1-DIST | P2-FRIO | TRFG | ABO | 2026-09-03 | Impulsionar","IG | M | 35 a 54 | SUDESTE | LAL 1% | Você não precisa ser guerreira todos os dias...","Você não precisa ser guerreira todos os dias...","270","8","4,81","260","17,81"
"2026-09-02","LM | E1-DIST | P2-FRIO | TRFG | ABO | 2026-09-03 | Impulsionar","IG | M | 35 a 54 | SUDESTE | LAL 1% | A mulher potente também cansa...","A mulher potente também cansa...","260","6","5,8","256","22,31"
"2026-09-03","LM | E1-DIST |  | ENGJ | ABO | 2026-08-07 | Visitas no Perfil","00 - IG | M | 35+ | Sudeste | Publico High Ticket | Lista MC LLK","Reels - Se voce se reconhece","1011","77","16,3","961","16,12"
"2026-09-03","LM | E1-DIST |  | ENGJ | ABO | 2026-08-07 | Visitas no Perfil","03 - IG | M | 35+ | Sudeste | Publico Frio de Interesses |","Reels - Existe uma solidão","3","","0,06","3","20"
"2026-09-03","LM | E1-DIST |  | ENGJ | ABO | 2026-08-07 | Visitas no Perfil","03 - IG | M | 35+ | Sudeste | Publico Frio de Interesses |","Reels - Ser Guerreira","320","24","12,29","307","38,41"
"2026-09-03","LM | E1-DIST |  | ENGJ | ABO | 2026-08-07 | Visitas no Perfil","03 - IG | M | 35+ | Sudeste | Publico Frio de Interesses |","Reels - Enquanto todos aplaudem","2","","0,02","2","10"
"2026-09-03","LM | E1-DIST |  | ENGJ | ABO | 2026-08-07 | Visitas no Perfil","03 - IG | M | 35+ | Sudeste | Publico Frio de Interesses |","Reels - Ser independente é uma conquista","2","","0,01","2","5"
"2026-09-03","LM | E1-DIST |  | ENGJ | ABO | 2026-08-07 | Visitas no Perfil","03 - IG | M | 35+ | Sudeste | Publico Frio de Interesses |","Reels - Nunca é tarde","5","","0,2","5","40"
"2026-09-03","LM | E1-DIST | P2-FRIO | TRFG | ABO | 2026-09-03 | Impulsionar","IG | M | 35 a 54 | SUDESTE | LAL 1% | Se você reconhece esses comportamentos...","Se você reconhece esses comportamentos...","398","18","11,45","389","28,77"
"2026-09-03","LM | E1-DIST | P2-FRIO | TRFG | ABO | 2026-09-03 | Impulsionar","IG | M | 35 a 54 | SUDESTE | LAL 1% | Você não precisa ser guerreira todos os dias...","Você não precisa ser guerreira todos os dias...","403","16","9,23","380","22,9"
"2026-09-03","LM | E1-DIST | P2-FRIO | TRFG | ABO | 2026-09-03 | Impulsionar","IG | M | 35 a 54 | SUDESTE | LAL 1% | A mulher potente também cansa...","A mulher potente também cansa...","420","19","11,74","401","27,95"
"2026-09-04","LM | E1-DIST |  | ENGJ | ABO | 2026-08-07 | Visitas no Perfil","00 - IG | M | 35+ | Sudeste | Publico High Ticket | Lista MC LLK","Reels - Se voce se reconhece","503","33","10,18","488","20,24"
"2026-09-04","LM | E1-DIST |  | ENGJ | ABO | 2026-08-07 | Visitas no Perfil","03 - IG | M | 35+ | Sudeste | Publico Frio de Interesses |","Reels - Existe uma solidão","26","2","0,83","26","31,92"
"2026-09-04","LM | E1-DIST |  | ENGJ | ABO | 2026-08-07 | Visitas no Perfil","03 - IG | M | 35+ | Sudeste | Publico Frio de Interesses |","Reels - Passamos anos","3","","0,21","3","70"
"2026-09-04","LM | E1-DIST |  | ENGJ | ABO | 2026-08-07 | Visitas no Perfil","03 - IG | M | 35+ | Sudeste | Publico Frio de Interesses |","Reels - Ser Guerreira","299","12","11,38","292","38,06"
"2026-09-04","LM | E1-DIST |  | ENGJ | ABO | 2026-08-07 | Visitas no Perfil","03 - IG | M | 35+ | Sudeste | Publico Frio de Interesses |","Reels - Enquanto todos aplaudem","2","","0,01","2","5"
"2026-09-04","LM | E1-DIST |  | ENGJ | ABO | 2026-08-07 | Visitas no Perfil","03 - IG | M | 35+ | Sudeste | Publico Frio de Interesses |","Reels - Ser independente é uma conquista","18","1","0,27","18","15"
"2026-09-04","LM | E1-DIST | P2-FRIO | TRFG | ABO | 2026-09-03 | Impulsionar","IG | M | 35 a 54 | SUDESTE | LAL 1% | Se você reconhece esses comportamentos...","Se você reconhece esses comportamentos...","287","19","7,03","284","24,49"
"2026-09-04","LM | E1-DIST | P2-FRIO | TRFG | ABO | 2026-09-03 | Impulsionar","IG | M | 35 a 54 | SUDESTE | LAL 1% | Você não precisa ser guerreira todos os dias...","Você não precisa ser guerreira todos os dias...","64","","1,88","64","29,38"
"2026-09-04","LM | E1-DIST | P2-FRIO | TRFG | ABO | 2026-09-03 | Impulsionar","IG | M | 35 a 54 | SUDESTE | LAL 1% | A mulher potente também cansa...","A mulher potente também cansa...","41","4","1,6","41","39,02"
"2026-09-05","LM | E1-DIST |  | ENGJ | ABO | 2026-08-07 | Visitas no Perfil","00 - IG | M | 35+ | Sudeste | Publico High Ticket | Lista MC LLK","Reels - Se voce se reconhece","402","19","8,24","402","20,5"
"2026-09-05","LM | E1-DIST |  | ENGJ | ABO | 2026-08-07 | Visitas no Perfil","03 - IG | M | 35+ | Sudeste | Publico Frio de Interesses |","Reels - Ser Guerreira","238","21","6,85","232","28,78"
"2026-09-05","LM | E1-DIST |  | ENGJ | ABO | 2026-08-07 | Visitas no Perfil","03 - IG | M | 35+ | Sudeste | Publico Frio de Interesses |","Reels - Nunca é tarde","4","","0,13","4","32,5"
"2026-09-05","LM | E1-DIST | P2-FRIO | TRFG | ABO | 2026-09-03 | Impulsionar","IG | M | 35 a 54 | SUDESTE | LAL 1% | Se você reconhece esses comportamentos...","Se você reconhece esses comportamentos...","284","12","7,55","268","26,58"
"2026-09-06","LM | E1-DIST |  | ENGJ | ABO | 2026-08-07 | Visitas no Perfil","00 - IG | M | 35+ | Sudeste | Publico High Ticket | Lista MC LLK","Reels - Se voce se reconhece","605","40","13,66","604","22,58"
"2026-09-06","LM | E1-DIST |  | ENGJ | ABO | 2026-08-07 | Visitas no Perfil","03 - IG | M | 35+ | Sudeste | Publico Frio de Interesses |","Reels - Existe uma solidão","17","","0,53","16","31,18"
"2026-09-06","LM | E1-DIST |  | ENGJ | ABO | 2026-08-07 | Visitas no Perfil","03 - IG | M | 35+ | Sudeste | Publico Frio de Interesses |","Reels - Passamos anos","4","","0,12","4","30"
"2026-09-06","LM | E1-DIST |  | ENGJ | ABO | 2026-08-07 | Visitas no Perfil","03 - IG | M | 35+ | Sudeste | Publico Frio de Interesses |","Reels - Ser Guerreira","385","24","12,74","375","33,09"
"2026-09-06","LM | E1-DIST |  | ENGJ | ABO | 2026-08-07 | Visitas no Perfil","03 - IG | M | 35+ | Sudeste | Publico Frio de Interesses |","Reels - Enquanto todos aplaudem","20","2","0,86","20","43"
"2026-09-06","LM | E1-DIST |  | ENGJ | ABO | 2026-08-07 | Visitas no Perfil","03 - IG | M | 35+ | Sudeste | Publico Frio de Interesses |","Reels - Ser independente é uma conquista","17","","0,21","17","12,35"
"2026-09-06","LM | E1-DIST |  | ENGJ | ABO | 2026-08-07 | Visitas no Perfil","03 - IG | M | 35+ | Sudeste | Publico Frio de Interesses |","Reels - Nunca é tarde","1","","0,01","1","10"
"2026-09-06","LM | E1-DIST | P2-FRIO | TRFG | ABO | 2026-09-03 | Impulsionar","IG | M | 35 a 54 | SUDESTE | LAL 1% | Se você reconhece esses comportamentos...","Se você reconhece esses comportamentos...","542","31","12,84","531","23,69"
"2026-09-07","LM | E1-DIST |  | ENGJ | ABO | 2026-08-07 | Visitas no Perfil","00 - IG | M | 35+ | Sudeste | Publico High Ticket | Lista MC LLK","Reels - Se voce se reconhece","228","16","4,42","227","19,39"
"2026-09-07","LM | E1-DIST |  | ENGJ | ABO | 2026-08-07 | Visitas no Perfil","03 - IG | M | 35+ | Sudeste | Publico Frio de Interesses |","Reels - Ser Guerreira","106","3","4,87","104","45,94"
"2026-09-07","LM | E1-DIST |  | ENGJ | ABO | 2026-08-07 | Visitas no Perfil","03 - IG | M | 35+ | Sudeste | Publico Frio de Interesses |","Reels - Enquanto todos aplaudem","2","","0,23","2","115"
"2026-09-07","LM | E1-DIST |  | ENGJ | ABO | 2026-08-07 | Visitas no Perfil","03 - IG | M | 35+ | Sudeste | Publico Frio de Interesses |","Reels - Nunca é tarde","11","","0,14","11","12,73"
"2026-09-07","LM | E1-DIST | P2-FRIO | TRFG | ABO | 2026-09-03 | Impulsionar","IG | M | 35 a 54 | SUDESTE | LAL 1% | Se você reconhece esses comportamentos...","Se você reconhece esses comportamentos...","483","16","10,64","474","22,03"
"2026-09-08","LM | E1-DIST | P2-FRIO | TRFG | ABO | 2026-09-03 | Impulsionar","IG | M | 35 a 54 | SUDESTE | LAL 1% | Se você reconhece esses comportamentos...","Se você reconhece esses comportamentos...","3","","0,04","3","13,33"