"","📈  Tráfego Diário — Jul Uma linha por dia. Campos amarelos = preencher. Campos cinza = calculados automaticamente. IDENTIFICAÇÃO","","META — WhatsApp","","","META — Lead Ads","","","META — Landing Page","","","META — Seguidores","","","GOOGLE — Landing Page","","","TOTAIS DO DIA","","","","","","","",""
"","","Obs.","","","","","","","","","","","","","","","","","","","","","","","",""
"","01/07/2026","","","","R$ 0,00","","","R$ 0,00","","","R$ 0,00","","","R$ 0,00","","","R$ 0,00","R$ 0,00","0","R$ 0,00","","","","","",""
"","02/07/2026","","","","R$ 0,00","","","R$ 0,00","","","R$ 0,00","","","R$ 0,00","","","R$ 0,00","R$ 0,00","0","R$ 0,00","","","","","",""
"","03/07/2026","","","","R$ 0,00","","","R$ 0,00","","","R$ 0,00","","","R$ 0,00","","","R$ 0,00","R$ 0,00","0","R$ 0,00","","","","","",""
"","04/07/2026","","","","R$ 0,00","","","R$ 0,00","","","R$ 0,00","","","R$ 0,00","","","R$ 0,00","R$ 0,00","0","R$ 0,00","","","","","",""
"","05/07/2026","","","","R$ 0,00","","","R$ 0,00","","","R$ 0,00","","","R$ 0,00","","","R$ 0,00","R$ 0,00","0","R$ 0,00","","","","","",""
"","06/07/2026","","","","R$ 0,00","","","R$ 0,00","","","R$ 0,00","","","R$ 0,00","","","R$ 0,00","R$ 0,00","0","R$ 0,00","","","","","",""
"","07/07/2026","","","","R$ 0,00","","","R$ 0,00","","","R$ 0,00","","","R$ 0,00","","","R$ 0,00","R$ 0,00","0","R$ 0,00","","","","","",""
"","08/07/2026","","","","R$ 0,00","","","R$ 0,00","","","R$ 0,00","","","R$ 0,00","","","R$ 0,00","R$ 0,00","0","R$ 0,00","","","","","",""
"","09/07/2026","","","","R$ 0,00","","","R$ 0,00","","","R$ 0,00","","","R$ 0,00","","","R$ 0,00","R$ 0,00","0","R$ 0,00","","","","","",""
"","10/07/2026","","","","R$ 0,00","","","R$ 0,00","","","R$ 0,00","","","R$ 0,00","","","R$ 0,00","R$ 0,00","0","R$ 0,00","","","","","",""
"","11/07/2026","","","","R$ 0,00","","","R$ 0,00","","","R$ 0,00","","","R$ 0,00","","","R$ 0,00","R$ 0,00","0","R$ 0,00","","","","","",""
"","12/07/2026","","","","R$ 0,00","","","R$ 0,00","","","R$ 0,00","","","R$ 0,00","","","R$ 0,00","R$ 0,00","0","R$ 0,00","","","","","",""
"","13/07/2026","","","","R$ 0,00","","","R$ 0,00","","","R$ 0,00","","","R$ 0,00","","","R$ 0,00","R$ 0,00","0","R$ 0,00","","","","","",""
"","14/07/2026","","","","R$ 0,00","","","R$ 0,00","","","R$ 0,00","","","R$ 0,00","","","R$ 0,00","R$ 0,00","0","R$ 0,00","","","","","",""
"","15/07/2026","","","","R$ 0,00","","","R$ 0,00","","","R$ 0,00","","","R$ 0,00","","","R$ 0,00","R$ 0,00","0","R$ 0,00","","","","","",""
"","16/07/2026","","","","R$ 0,00","","","R$ 0,00","","","R$ 0,00","","","R$ 0,00","","","R$ 0,00","R$ 0,00","0","R$ 0,00","","","","","",""
"","17/07/2026","","","","R$ 0,00","","","R$ 0,00","","","R$ 0,00","","","R$ 0,00","","","R$ 0,00","R$ 0,00","0","R$ 0,00","","","","","",""
"","18/07/2026","","","","R$ 0,00","","","R$ 0,00","","","R$ 0,00","","","R$ 0,00","","","R$ 0,00","R$ 0,00","0","R$ 0,00","","","","","",""
"","19/07/2026","","","","R$ 0,00","","","R$ 0,00","","","R$ 0,00","","","R$ 0,00","","","R$ 0,00","R$ 0,00","0","R$ 0,00","","","","","",""
"","20/07/2026","","","","R$ 0,00","","","R$ 0,00","","","R$ 0,00","","","R$ 0,00","","","R$ 0,00","R$ 0,00","0","R$ 0,00","","","","","",""
"","21/07/2026","","","","R$ 0,00","","","R$ 0,00","","","R$ 0,00","","","R$ 0,00","","","R$ 0,00","R$ 0,00","0","R$ 0,00","","","","","",""
"","22/07/2026","","","","R$ 0,00","","","R$ 0,00","","","R$ 0,00","","","R$ 0,00","","","R$ 0,00","R$ 0,00","0","R$ 0,00","","","","","",""
"","23/07/2026","","","","R$ 0,00","","","R$ 0,00","","","R$ 0,00","","","R$ 0,00","","","R$ 0,00","R$ 0,00","0","R$ 0,00","","","","","",""
"","24/07/2026","","","","R$ 0,00","","","R$ 0,00","","","R$ 0,00","","","R$ 0,00","","","R$ 0,00","R$ 0,00","0","R$ 0,00","","","","","",""
"","25/07/2026","","","","R$ 0,00","","","R$ 0,00","","","R$ 0,00","","","R$ 0,00","","","R$ 0,00","R$ 0,00","0","R$ 0,00","","","","","",""
"","26/07/2026","","","","R$ 0,00","","","R$ 0,00","","","R$ 0,00","","","R$ 0,00","","","R$ 0,00","R$ 0,00","0","R$ 0,00","","","","","",""
"","27/07/2026","","","","R$ 0,00","","","R$ 0,00","","","R$ 0,00","","","R$ 0,00","","","R$ 0,00","R$ 0,00","0","R$ 0,00","","","","","",""
"","28/07/2026","","","","R$ 0,00","","","R$ 0,00","","","R$ 0,00","","","R$ 0,00","","","R$ 0,00","R$ 0,00","0","R$ 0,00","","","","","",""
"","29/07/2026","","","","R$ 0,00","","","R$ 0,00","","","R$ 0,00","","","R$ 0,00","","","R$ 0,00","R$ 0,00","0","R$ 0,00","","","","","",""
"","30/07/2026","","","","R$ 0,00","","","R$ 0,00","","","R$ 0,00","","","R$ 0,00","","","R$ 0,00","R$ 0,00","0","R$ 0,00","","","","","",""
"","31/07/2026","","","","R$ 0,00","","","R$ 0,00","","","R$ 0,00","","","R$ 0,00","","","R$ 0,00","R$ 0,00","0","R$ 0,00","","","","","",""
"","","","R$ 0,00","0","R$ 0,00","R$ 0,00","0","R$ 0,00","R$ 0,00","0","R$ 0,00","R$ 0,00","0","R$ 0,00","R$ 0,00","0","R$ 0,00","R$ 0,00","0","R$ 0,00","","","","","",""